-- phpMyAdmin SQL Dump
-- version 5.2.1
-- https://www.phpmyadmin.net/
--
-- Host: 127.0.0.1
-- Generation Time: Nov 03, 2024 at 06:13 AM
-- Server version: 10.4.32-MariaDB
-- PHP Version: 8.0.30

SET SQL_MODE = "NO_AUTO_VALUE_ON_ZERO";
START TRANSACTION;
SET time_zone = "+00:00";


/*!40101 SET @OLD_CHARACTER_SET_CLIENT=@@CHARACTER_SET_CLIENT */;
/*!40101 SET @OLD_CHARACTER_SET_RESULTS=@@CHARACTER_SET_RESULTS */;
/*!40101 SET @OLD_COLLATION_CONNECTION=@@COLLATION_CONNECTION */;
/*!40101 SET NAMES utf8mb4 */;

--
-- Database: `study_planner`
--

-- --------------------------------------------------------

--
-- Table structure for table `courses`
--

CREATE TABLE `courses` (
  `id` int(11) NOT NULL,
  `timeCreated` datetime DEFAULT current_timestamp(),
  `timeUpdated` datetime DEFAULT current_timestamp() ON UPDATE current_timestamp(),
  `courseTitle` varchar(255) NOT NULL
) ENGINE=InnoDB DEFAULT CHARSET=utf8mb4 COLLATE=utf8mb4_general_ci;

--
-- Dumping data for table `courses`
--

INSERT INTO `courses` (`id`, `timeCreated`, `timeUpdated`, `courseTitle`) VALUES
(1, '2024-10-19 16:40:36', '2024-10-19 16:40:36', 'Bachelor of Science in Psychology (Bs Pys)'),
(2, '2024-10-20 08:14:31', '2024-10-20 08:14:31', 'Bachelor of Science in Civil Engineering (Bs-civil)'),
(3, '2024-10-20 08:31:02', '2024-10-20 08:31:02', 'Bachelor of Science in Chemistry (Bs-chem)'),
(4, '2024-10-20 08:45:40', '2024-10-20 08:45:40', 'Bachelor of Science in Biology (Bs-bio)'),
(5, '2024-10-20 11:17:38', '2024-10-20 11:17:38', 'Bachelor of Science in Computer Science (Bs-cs)'),
(6, '2024-10-21 16:15:28', '2024-10-21 16:15:28', 'Bachelor of Science in Nursing (Bs Nursing)'),
(7, '2024-10-21 17:26:12', '2024-10-21 17:26:12', 'Bachelor of Science in Physical Therapy (Bs-pt)');

-- --------------------------------------------------------

--
-- Table structure for table `schoolcourseunitallocation`
--

CREATE TABLE `schoolcourseunitallocation` (
  `id` int(11) NOT NULL,
  `timeCreated` datetime DEFAULT current_timestamp(),
  `timeUpdated` datetime DEFAULT current_timestamp() ON UPDATE current_timestamp(),
  `schoolId` int(11) NOT NULL,
  `courseId` int(11) NOT NULL,
  `academicYear` varchar(20) NOT NULL,
  `academicSemester` varchar(20) NOT NULL,
  `maxUnits` int(11) NOT NULL
) ENGINE=InnoDB DEFAULT CHARSET=utf8mb4 COLLATE=utf8mb4_general_ci;

--
-- Dumping data for table `schoolcourseunitallocation`
--

INSERT INTO `schoolcourseunitallocation` (`id`, `timeCreated`, `timeUpdated`, `schoolId`, `courseId`, `academicYear`, `academicSemester`, `maxUnits`) VALUES
(1, '2024-10-19 16:40:39', '2024-10-19 16:40:39', 1, 1, '1', '1', 23),
(2, '2024-10-19 16:40:39', '2024-10-19 16:40:39', 1, 1, '1', '2', 25),
(3, '2024-10-19 16:40:39', '2024-10-19 16:40:39', 1, 1, '2', '1', 22),
(4, '2024-10-19 16:40:39', '2024-10-19 16:40:39', 1, 1, '2', '2', 15),
(5, '2024-10-19 16:40:39', '2024-10-19 16:40:39', 1, 1, '3', '1', 18),
(6, '2024-10-19 16:40:39', '2024-10-19 16:40:39', 1, 1, '3', '2', 14),
(7, '2024-10-19 16:40:39', '2024-10-19 16:40:39', 1, 1, '4', '1', 27),
(8, '2024-10-19 16:40:39', '2024-10-19 16:40:39', 1, 1, '4', '2', 27),
(9, '2024-10-20 08:14:37', '2024-10-20 08:14:37', 1, 2, '1', '1', 23),
(10, '2024-10-20 08:14:37', '2024-10-20 08:14:37', 1, 2, '1', '2', 27),
(11, '2024-10-20 08:14:37', '2024-10-20 08:14:37', 1, 2, '2', '1', 23),
(12, '2024-10-20 08:14:37', '2024-10-20 08:14:37', 1, 2, '2', '2', 22),
(13, '2024-10-20 08:14:37', '2024-10-20 08:14:37', 1, 2, '3', '1', 21),
(14, '2024-10-20 08:14:37', '2024-10-20 08:14:37', 1, 2, '3', '2', 21),
(15, '2024-10-20 08:14:37', '2024-10-20 08:14:37', 1, 2, '3', 'Summer', 4),
(16, '2024-10-20 08:14:37', '2024-10-20 08:14:37', 1, 2, '4', '1', 27),
(17, '2024-10-20 08:14:37', '2024-10-20 08:14:37', 1, 2, '4', '2', 27),
(18, '2024-10-20 08:31:08', '2024-10-20 08:31:08', 1, 3, '1', '1', 28),
(19, '2024-10-20 08:31:08', '2024-10-20 08:31:08', 1, 3, '1', '2', 25),
(20, '2024-10-20 08:31:08', '2024-10-20 08:31:08', 1, 3, '2', '1', 22),
(21, '2024-10-20 08:31:08', '2024-10-20 08:31:08', 1, 3, '2', '2', 22),
(22, '2024-10-20 08:31:08', '2024-10-20 08:31:08', 1, 3, '3', '1', 17),
(23, '2024-10-20 08:31:08', '2024-10-20 08:31:08', 1, 3, '3', '2', 13),
(24, '2024-10-20 08:31:08', '2024-10-20 08:31:08', 1, 3, '4', '1', 27),
(25, '2024-10-20 08:31:08', '2024-10-20 08:31:08', 1, 3, '4', '2', 27),
(26, '2024-10-20 08:45:44', '2024-10-20 08:45:44', 1, 4, '1', '1', 24),
(27, '2024-10-20 08:45:44', '2024-10-20 08:45:44', 1, 4, '1', '2', 25),
(28, '2024-10-20 08:45:44', '2024-10-20 08:45:44', 1, 4, '2', '1', 24),
(29, '2024-10-20 08:45:44', '2024-10-20 08:45:44', 1, 4, '2', '2', 23),
(30, '2024-10-20 08:45:44', '2024-10-20 08:45:44', 1, 4, '3', '1', 16),
(31, '2024-10-20 08:45:44', '2024-10-20 08:45:44', 1, 4, '3', '2', 16),
(32, '2024-10-20 08:45:45', '2024-10-20 08:45:45', 1, 4, '3', 'Summer', 3),
(33, '2024-10-20 08:45:45', '2024-10-20 08:45:45', 1, 4, '4', '1', 27),
(34, '2024-10-20 08:45:45', '2024-10-20 08:45:45', 1, 4, '4', '2', 27),
(35, '2024-10-20 11:17:43', '2024-10-20 11:17:43', 1, 5, '1', '1', 26),
(36, '2024-10-20 11:17:43', '2024-10-20 11:17:43', 1, 5, '1', '2', 26),
(37, '2024-10-20 11:17:43', '2024-10-20 11:17:43', 1, 5, '2', '1', 23),
(38, '2024-10-20 11:17:43', '2024-10-20 11:17:43', 1, 5, '2', '2', 23),
(39, '2024-10-20 11:17:43', '2024-10-20 11:17:43', 1, 5, '3', '1', 15),
(40, '2024-10-20 11:17:43', '2024-10-20 11:17:43', 1, 5, '3', '2', 13),
(41, '2024-10-20 11:17:43', '2024-10-20 11:17:43', 1, 5, '4', '1', 27),
(42, '2024-10-20 11:17:43', '2024-10-20 11:17:43', 1, 5, '4', '2', 27),
(43, '2024-10-21 16:15:35', '2024-10-21 16:15:35', 1, 6, '1', '1', 30),
(44, '2024-10-21 16:15:36', '2024-10-21 16:15:36', 1, 6, '1', '2', 25),
(45, '2024-10-21 16:15:36', '2024-10-21 16:15:36', 1, 6, '2', '1', 27),
(46, '2024-10-21 16:15:36', '2024-10-21 16:15:36', 1, 6, '2', '2', 26),
(47, '2024-10-21 16:15:36', '2024-10-21 16:15:36', 1, 6, '3', '1', 26),
(48, '2024-10-21 16:15:36', '2024-10-21 16:15:36', 1, 6, '3', '2', 26),
(49, '2024-10-21 16:15:36', '2024-10-21 16:15:36', 1, 6, '4', '1', 27),
(50, '2024-10-21 16:15:36', '2024-10-21 16:15:36', 1, 6, '4', '2', 27),
(51, '2024-10-21 17:26:25', '2024-10-21 17:26:25', 1, 7, '1', '1', 31),
(52, '2024-10-21 17:26:25', '2024-10-21 17:26:25', 1, 7, '1', '2', 31),
(53, '2024-10-21 17:26:25', '2024-10-21 17:26:25', 1, 7, '1', 'Summer', 7),
(54, '2024-10-21 17:26:25', '2024-10-21 17:26:25', 1, 7, '2', '1', 25),
(55, '2024-10-21 17:26:25', '2024-10-21 17:26:25', 1, 7, '2', '2', 23),
(56, '2024-10-21 17:26:25', '2024-10-21 17:26:25', 1, 7, '2', 'Summer', 6),
(57, '2024-10-21 17:26:25', '2024-10-21 17:26:25', 1, 7, '3', '1', 22),
(58, '2024-10-21 17:26:25', '2024-10-21 17:26:25', 1, 7, '3', '2', 21),
(59, '2024-10-21 17:26:25', '2024-10-21 17:26:25', 1, 7, '3', 'Summer', 6),
(60, '2024-10-21 17:26:25', '2024-10-21 17:26:25', 1, 7, '4', '1', 27),
(61, '2024-10-21 17:26:26', '2024-10-21 17:26:26', 1, 7, '4', '2', 27);

-- --------------------------------------------------------

--
-- Table structure for table `schools`
--

CREATE TABLE `schools` (
  `id` int(11) NOT NULL,
  `timeCreated` datetime DEFAULT current_timestamp(),
  `timeUpdated` datetime DEFAULT current_timestamp() ON UPDATE current_timestamp(),
  `schoolName` varchar(255) NOT NULL
) ENGINE=InnoDB DEFAULT CHARSET=utf8mb4 COLLATE=utf8mb4_general_ci;

--
-- Dumping data for table `schools`
--

INSERT INTO `schools` (`id`, `timeCreated`, `timeUpdated`, `schoolName`) VALUES
(1, '2024-10-19 16:40:36', '2024-10-19 16:40:36', 'University of the City of Manila');

-- --------------------------------------------------------

--
-- Table structure for table `students`
--

CREATE TABLE `students` (
  `id` int(11) NOT NULL,
  `timeCreated` datetime DEFAULT current_timestamp(),
  `timeUpdated` datetime DEFAULT current_timestamp() ON UPDATE current_timestamp(),
  `firstName` varchar(255) NOT NULL,
  `middleName` varchar(255) DEFAULT NULL,
  `lastName` varchar(255) NOT NULL,
  `schoolId` int(11) DEFAULT NULL,
  `courseId` int(11) DEFAULT NULL,
  `educationYear` int(11) DEFAULT 1
) ENGINE=InnoDB DEFAULT CHARSET=utf8mb4 COLLATE=utf8mb4_general_ci;

--
-- Dumping data for table `students`
--

INSERT INTO `students` (`id`, `timeCreated`, `timeUpdated`, `firstName`, `middleName`, `lastName`, `schoolId`, `courseId`, `educationYear`) VALUES
(1, '2024-10-20 08:16:12', '2024-10-20 08:16:12', 'Patrick', 'H', 'Verstappan', 1, 2, 2),
(2, '2024-10-20 08:17:41', '2024-10-20 08:17:41', 'Prince', 'D', 'Zues', 1, 1, 1),
(3, '2024-10-20 08:31:35', '2024-10-20 08:31:35', 'Lyra', 'P', 'Magnoo', 1, 3, 3),
(4, '2024-10-20 08:47:47', '2024-10-20 08:47:47', 'Harvey', 'A.', 'Maximof', 1, 4, 4),
(5, '2024-10-20 11:18:15', '2024-10-20 11:18:15', 'Daniel', 'Z', 'Apollo', 1, 5, 1),
(6, '2024-10-22 15:50:01', '2024-10-22 15:50:01', 'Lyra', 'T', 'Modelo', 1, 7, 3),
(7, '2024-10-22 15:52:55', '2024-10-22 15:52:55', 'Ryan', NULL, 'Pepito', 1, 6, 4);

-- --------------------------------------------------------

--
-- Table structure for table `studentsubjects`
--

CREATE TABLE `studentsubjects` (
  `id` int(11) NOT NULL,
  `timeCreated` datetime DEFAULT current_timestamp(),
  `timeUpdated` datetime DEFAULT current_timestamp() ON UPDATE current_timestamp(),
  `studentId` int(11) NOT NULL,
  `subjectId` int(11) NOT NULL,
  `academicYear` varchar(20) NOT NULL,
  `academicSemester` varchar(20) NOT NULL,
  `status` varchar(255) NOT NULL DEFAULT 'Passed',
  `grade` decimal(3,2) NOT NULL DEFAULT 0.00,
  `sortOrder` int(11) NOT NULL,
  `priority` int(11) NOT NULL DEFAULT 1
) ENGINE=InnoDB DEFAULT CHARSET=utf8mb4 COLLATE=utf8mb4_general_ci;

--
-- Dumping data for table `studentsubjects`
--

INSERT INTO `studentsubjects` (`id`, `timeCreated`, `timeUpdated`, `studentId`, `subjectId`, `academicYear`, `academicSemester`, `status`, `grade`, `sortOrder`, `priority`) VALUES
(1, '2024-10-20 08:16:12', '2024-10-20 08:16:12', 1, 51, '1', '1', 'Pending', 0.00, 0, 1),
(2, '2024-10-20 08:16:12', '2024-10-20 08:16:12', 1, 52, '1', '1', 'Pending', 0.00, 1, 1),
(3, '2024-10-20 08:16:12', '2024-10-20 08:16:12', 1, 53, '1', '1', 'Pending', 0.00, 2, 0),
(4, '2024-10-20 08:16:12', '2024-10-20 08:16:12', 1, 54, '1', '1', 'Pending', 0.00, 3, 0),
(5, '2024-10-20 08:16:12', '2024-10-20 08:16:12', 1, 55, '1', '1', 'Pending', 0.00, 4, 0),
(6, '2024-10-20 08:16:12', '2024-10-20 08:16:12', 1, 56, '1', '1', 'Pending', 0.00, 5, 0),
(7, '2024-10-20 08:16:12', '2024-10-20 08:16:12', 1, 57, '1', '1', 'Pending', 0.00, 6, 0),
(8, '2024-10-20 08:16:12', '2024-10-20 08:16:12', 1, 58, '1', '1', 'Pending', 0.00, 7, 1),
(9, '2024-10-20 08:16:12', '2024-10-20 08:16:12', 1, 59, '1', '1', 'Pending', 0.00, 8, 1),
(10, '2024-10-20 08:16:12', '2024-10-20 08:16:12', 1, 60, '1', '2', 'Pending', 0.00, 0, 1),
(11, '2024-10-20 08:16:12', '2024-10-20 08:16:12', 1, 61, '1', '2', 'Pending', 0.00, 1, 1),
(12, '2024-10-20 08:16:12', '2024-10-20 08:16:12', 1, 62, '1', '2', 'Pending', 0.00, 2, 0),
(13, '2024-10-20 08:16:12', '2024-10-20 08:16:12', 1, 63, '1', '2', 'Pending', 0.00, 3, 1),
(14, '2024-10-20 08:16:12', '2024-10-20 08:16:12', 1, 64, '1', '2', 'Pending', 0.00, 4, 1),
(15, '2024-10-20 08:16:12', '2024-10-20 08:16:12', 1, 65, '1', '2', 'Pending', 0.00, 5, 0),
(16, '2024-10-20 08:16:12', '2024-10-20 08:16:12', 1, 66, '1', '2', 'Pending', 0.00, 6, 0),
(17, '2024-10-20 08:16:12', '2024-10-20 08:16:12', 1, 67, '1', '2', 'Pending', 0.00, 7, 0),
(18, '2024-10-20 08:16:12', '2024-10-20 08:16:12', 1, 68, '1', '2', 'Pending', 0.00, 8, 0),
(19, '2024-10-20 08:16:12', '2024-10-20 08:16:12', 1, 69, '1', '2', 'Pending', 0.00, 9, 1),
(20, '2024-10-20 08:16:12', '2024-10-20 08:16:12', 1, 70, '1', '2', 'Pending', 0.00, 10, 1),
(21, '2024-10-20 08:16:12', '2024-10-20 08:16:12', 1, 71, '2', '1', 'Pending', 0.00, 0, 1),
(22, '2024-10-20 08:16:12', '2024-10-20 08:16:12', 1, 72, '2', '1', 'Pending', 0.00, 1, 2),
(23, '2024-10-20 08:16:12', '2024-10-20 08:16:12', 1, 73, '2', '1', 'Pending', 0.00, 2, 1),
(24, '2024-10-20 08:16:12', '2024-10-20 08:16:12', 1, 74, '2', '1', 'Pending', 0.00, 3, 0),
(25, '2024-10-20 08:16:12', '2024-10-20 08:16:12', 1, 75, '2', '1', 'Pending', 0.00, 4, 1),
(26, '2024-10-20 08:16:12', '2024-10-20 08:16:12', 1, 76, '2', '1', 'Pending', 0.00, 5, 0),
(27, '2024-10-20 08:16:12', '2024-10-20 08:16:12', 1, 77, '2', '1', 'Pending', 0.00, 6, 0),
(28, '2024-10-20 08:16:13', '2024-10-20 08:16:13', 1, 78, '2', '1', 'Pending', 0.00, 7, 0),
(29, '2024-10-20 08:16:13', '2024-10-20 08:16:13', 1, 79, '2', '1', 'Pending', 0.00, 8, 1),
(30, '2024-10-20 08:16:13', '2024-10-20 08:16:13', 1, 80, '2', '2', 'Pending', 0.00, 0, 1),
(31, '2024-10-20 08:16:13', '2024-10-20 08:16:13', 1, 81, '2', '2', 'Pending', 0.00, 1, 1),
(32, '2024-10-20 08:16:13', '2024-10-20 08:16:13', 1, 82, '2', '2', 'Pending', 0.00, 2, 0),
(33, '2024-10-20 08:16:13', '2024-10-20 08:16:13', 1, 83, '2', '2', 'Pending', 0.00, 3, 0),
(34, '2024-10-20 08:16:13', '2024-10-20 08:16:13', 1, 84, '2', '2', 'Pending', 0.00, 4, 1),
(35, '2024-10-20 08:16:13', '2024-10-20 08:16:13', 1, 85, '2', '2', 'Pending', 0.00, 5, 1),
(36, '2024-10-20 08:16:13', '2024-10-20 08:16:13', 1, 86, '2', '2', 'Pending', 0.00, 6, 1),
(37, '2024-10-20 08:16:13', '2024-10-20 08:16:13', 1, 87, '2', '2', 'Pending', 0.00, 7, 0),
(38, '2024-10-20 08:16:13', '2024-10-20 08:16:13', 1, 88, '2', '2', 'Pending', 0.00, 8, 1),
(39, '2024-10-20 08:16:13', '2024-10-20 08:16:13', 1, 89, '3', '1', 'Pending', 0.00, 0, 0),
(40, '2024-10-20 08:16:13', '2024-10-20 08:16:13', 1, 90, '3', '1', 'Pending', 0.00, 1, 1),
(41, '2024-10-20 08:16:13', '2024-10-20 08:16:13', 1, 91, '3', '1', 'Pending', 0.00, 2, 0),
(42, '2024-10-20 08:16:13', '2024-10-20 08:16:13', 1, 92, '3', '1', 'Pending', 0.00, 3, 1),
(43, '2024-10-20 08:16:13', '2024-10-20 08:16:13', 1, 93, '3', '1', 'Pending', 0.00, 4, 0),
(44, '2024-10-20 08:16:13', '2024-10-20 08:16:13', 1, 94, '3', '1', 'Pending', 0.00, 5, 1),
(45, '2024-10-20 08:16:13', '2024-10-20 08:16:13', 1, 95, '3', '1', 'Pending', 0.00, 6, 0),
(46, '2024-10-20 08:16:13', '2024-10-20 08:16:13', 1, 96, '3', '1', 'Pending', 0.00, 7, 1),
(47, '2024-10-20 08:16:13', '2024-10-20 08:16:13', 1, 97, '3', '1', 'Pending', 0.00, 8, 1),
(48, '2024-10-20 08:16:13', '2024-10-20 08:16:13', 1, 98, '3', '2', 'Pending', 0.00, 0, 2),
(49, '2024-10-20 08:16:13', '2024-10-20 08:16:13', 1, 99, '3', '2', 'Pending', 0.00, 1, 1),
(50, '2024-10-20 08:16:13', '2024-10-20 08:16:13', 1, 100, '3', '2', 'Pending', 0.00, 2, 0),
(51, '2024-10-20 08:16:13', '2024-10-20 08:16:13', 1, 101, '3', '2', 'Pending', 0.00, 3, 2),
(52, '2024-10-20 08:16:13', '2024-10-20 08:16:13', 1, 102, '3', '2', 'Pending', 0.00, 4, 1),
(53, '2024-10-20 08:16:13', '2024-10-20 08:16:13', 1, 103, '3', '2', 'Pending', 0.00, 5, 0),
(54, '2024-10-20 08:16:13', '2024-10-20 08:16:13', 1, 104, '3', '2', 'Pending', 0.00, 6, 1),
(55, '2024-10-20 08:16:13', '2024-10-20 08:16:13', 1, 105, '3', '2', 'Pending', 0.00, 7, 0),
(56, '2024-10-20 08:16:13', '2024-10-20 08:16:13', 1, 106, '3', '2', 'Pending', 0.00, 8, 1),
(57, '2024-10-20 08:16:13', '2024-10-20 08:16:13', 1, 107, '3', 'Summer', 'Pending', 0.00, 0, 2),
(58, '2024-10-20 08:16:13', '2024-10-20 08:16:13', 1, 108, '3', 'Summer', 'Pending', 0.00, 1, 0),
(59, '2024-10-20 08:16:13', '2024-10-20 08:16:13', 1, 109, '4', '1', 'Pending', 0.00, 0, 0),
(60, '2024-10-20 08:16:13', '2024-10-20 08:16:13', 1, 110, '4', '1', 'Pending', 0.00, 1, 2),
(61, '2024-10-20 08:16:13', '2024-10-20 08:16:13', 1, 111, '4', '1', 'Pending', 0.00, 2, 0),
(62, '2024-10-20 08:16:13', '2024-10-20 08:16:13', 1, 112, '4', '1', 'Pending', 0.00, 3, 1),
(63, '2024-10-20 08:16:13', '2024-10-20 08:16:13', 1, 113, '4', '1', 'Pending', 0.00, 4, 0),
(64, '2024-10-20 08:16:13', '2024-10-20 08:16:13', 1, 114, '4', '1', 'Pending', 0.00, 5, 1),
(65, '2024-10-20 08:16:13', '2024-10-20 08:16:13', 1, 115, '4', '1', 'Pending', 0.00, 6, 0),
(66, '2024-10-20 08:16:13', '2024-10-20 08:16:13', 1, 116, '4', '1', 'Pending', 0.00, 7, 1),
(67, '2024-10-20 08:16:13', '2024-10-20 08:16:13', 1, 117, '4', '1', 'Pending', 0.00, 8, 0),
(68, '2024-10-20 08:16:13', '2024-10-20 08:16:13', 1, 118, '4', '1', 'Pending', 0.00, 9, 2),
(69, '2024-10-20 08:16:13', '2024-10-20 08:16:13', 1, 119, '4', '1', 'Pending', 0.00, 10, 2),
(70, '2024-10-20 08:16:13', '2024-10-20 08:16:13', 1, 120, '4', '2', 'Pending', 0.00, 0, 1),
(71, '2024-10-20 08:16:13', '2024-10-20 08:16:13', 1, 121, '4', '2', 'Pending', 0.00, 1, 0),
(72, '2024-10-20 08:16:13', '2024-10-20 08:16:13', 1, 122, '4', '2', 'Pending', 0.00, 2, 2),
(73, '2024-10-20 08:16:13', '2024-10-20 08:16:13', 1, 123, '4', '2', 'Pending', 0.00, 3, 1),
(74, '2024-10-20 08:16:13', '2024-10-20 08:16:13', 1, 124, '4', '2', 'Pending', 0.00, 4, 0),
(75, '2024-10-20 08:16:13', '2024-10-20 08:16:13', 1, 125, '4', '2', 'Pending', 0.00, 5, 2),
(76, '2024-10-20 08:16:13', '2024-10-20 08:16:13', 1, 126, '4', '2', 'Pending', 0.00, 6, 2),
(77, '2024-10-20 08:16:13', '2024-10-20 08:16:13', 1, 127, '4', '2', 'Pending', 0.00, 7, 2),
(78, '2024-10-20 08:16:13', '2024-10-20 08:16:13', 1, 128, '4', '2', 'Pending', 0.00, 8, 2),
(79, '2024-10-20 08:17:41', '2024-10-20 08:17:41', 2, 1, '1', '1', 'Pending', 0.00, 0, 0),
(80, '2024-10-20 08:17:41', '2024-10-20 08:17:41', 2, 2, '1', '1', 'Pending', 0.00, 1, 0),
(81, '2024-10-20 08:17:41', '2024-10-20 08:17:41', 2, 3, '1', '1', 'Pending', 0.00, 2, 0),
(82, '2024-10-20 08:17:41', '2024-10-20 08:17:41', 2, 4, '1', '1', 'Pending', 0.00, 3, 0),
(83, '2024-10-20 08:17:41', '2024-10-20 08:17:41', 2, 5, '1', '1', 'Pending', 0.00, 4, 0),
(84, '2024-10-20 08:17:41', '2024-10-20 08:17:41', 2, 6, '1', '1', 'Pending', 0.00, 5, 0),
(85, '2024-10-20 08:17:41', '2024-10-20 08:17:41', 2, 7, '1', '1', 'Pending', 0.00, 6, 0),
(86, '2024-10-20 08:17:41', '2024-10-20 08:17:41', 2, 8, '1', '1', 'Pending', 0.00, 7, 0),
(87, '2024-10-20 08:17:41', '2024-10-20 08:17:41', 2, 9, '1', '2', 'Pending', 0.00, 0, 0),
(88, '2024-10-20 08:17:41', '2024-10-20 08:17:41', 2, 10, '1', '2', 'Pending', 0.00, 1, 0),
(89, '2024-10-20 08:17:41', '2024-10-20 08:17:41', 2, 11, '1', '2', 'Pending', 0.00, 2, 0),
(90, '2024-10-20 08:17:41', '2024-10-20 08:17:41', 2, 12, '1', '2', 'Pending', 0.00, 3, 0),
(91, '2024-10-20 08:17:41', '2024-10-20 08:17:41', 2, 13, '1', '2', 'Pending', 0.00, 4, 0),
(92, '2024-10-20 08:17:41', '2024-10-20 08:17:41', 2, 14, '1', '2', 'Pending', 0.00, 5, 0),
(93, '2024-10-20 08:17:41', '2024-10-20 08:17:41', 2, 15, '1', '2', 'Pending', 0.00, 6, 0),
(94, '2024-10-20 08:17:41', '2024-10-20 08:17:41', 2, 16, '1', '2', 'Pending', 0.00, 7, 0),
(95, '2024-10-20 08:17:41', '2024-10-20 08:17:41', 2, 17, '1', '2', 'Pending', 0.00, 8, 0),
(96, '2024-10-20 08:17:41', '2024-10-20 08:17:41', 2, 18, '2', '1', 'Pending', 0.00, 0, 0),
(97, '2024-10-20 08:17:41', '2024-10-20 08:17:41', 2, 19, '2', '1', 'Pending', 0.00, 1, 0),
(98, '2024-10-20 08:17:41', '2024-10-20 08:17:41', 2, 20, '2', '1', 'Pending', 0.00, 2, 0),
(99, '2024-10-20 08:17:41', '2024-10-20 08:17:41', 2, 21, '2', '1', 'Pending', 0.00, 3, 0),
(100, '2024-10-20 08:17:41', '2024-10-20 08:17:41', 2, 22, '2', '1', 'Pending', 0.00, 4, 0),
(101, '2024-10-20 08:17:41', '2024-10-20 08:17:41', 2, 23, '2', '1', 'Pending', 0.00, 5, 0),
(102, '2024-10-20 08:17:41', '2024-10-20 08:17:41', 2, 24, '2', '1', 'Pending', 0.00, 6, 0),
(103, '2024-10-20 08:17:41', '2024-10-20 08:17:41', 2, 25, '2', '1', 'Pending', 0.00, 7, 0),
(104, '2024-10-20 08:17:41', '2024-10-20 08:17:41', 2, 26, '2', '2', 'Pending', 0.00, 0, 0),
(105, '2024-10-20 08:17:41', '2024-10-20 08:17:41', 2, 27, '2', '2', 'Pending', 0.00, 1, 0),
(106, '2024-10-20 08:17:41', '2024-10-20 08:17:41', 2, 28, '2', '2', 'Pending', 0.00, 2, 0),
(107, '2024-10-20 08:17:41', '2024-10-20 08:17:41', 2, 29, '2', '2', 'Pending', 0.00, 3, 0),
(108, '2024-10-20 08:17:41', '2024-10-20 08:17:41', 2, 30, '2', '2', 'Pending', 0.00, 4, 0),
(109, '2024-10-20 08:17:41', '2024-10-20 08:17:41', 2, 31, '2', '2', 'Pending', 0.00, 5, 0),
(110, '2024-10-20 08:17:41', '2024-10-20 08:17:41', 2, 32, '3', '1', 'Pending', 0.00, 0, 0),
(111, '2024-10-20 08:17:41', '2024-10-20 08:17:41', 2, 33, '3', '1', 'Pending', 0.00, 1, 0),
(112, '2024-10-20 08:17:41', '2024-10-20 08:17:41', 2, 34, '3', '1', 'Pending', 0.00, 2, 0),
(113, '2024-10-20 08:17:41', '2024-10-20 08:17:41', 2, 35, '3', '1', 'Pending', 0.00, 3, 0),
(114, '2024-10-20 08:17:41', '2024-10-20 08:17:41', 2, 36, '3', '1', 'Pending', 0.00, 4, 0),
(115, '2024-10-20 08:17:41', '2024-10-20 08:17:41', 2, 37, '3', '1', 'Pending', 0.00, 5, 0),
(116, '2024-10-20 08:17:41', '2024-10-20 08:17:41', 2, 38, '3', '1', 'Pending', 0.00, 6, 0),
(117, '2024-10-20 08:17:41', '2024-10-20 08:17:41', 2, 39, '3', '2', 'Pending', 0.00, 0, 0),
(118, '2024-10-20 08:17:41', '2024-10-20 08:17:41', 2, 40, '3', '2', 'Pending', 0.00, 1, 0),
(119, '2024-10-20 08:17:41', '2024-10-20 08:17:41', 2, 41, '3', '2', 'Pending', 0.00, 2, 0),
(120, '2024-10-20 08:17:41', '2024-10-20 08:17:41', 2, 42, '3', '2', 'Pending', 0.00, 3, 0),
(121, '2024-10-20 08:17:41', '2024-10-20 08:17:41', 2, 43, '3', '2', 'Pending', 0.00, 4, 0),
(122, '2024-10-20 08:17:41', '2024-10-20 08:17:41', 2, 44, '4', '1', 'Pending', 0.00, 0, 0),
(123, '2024-10-20 08:17:41', '2024-10-20 08:17:41', 2, 45, '4', '1', 'Pending', 0.00, 1, 0),
(124, '2024-10-20 08:17:42', '2024-10-20 08:17:42', 2, 46, '4', '1', 'Pending', 0.00, 2, 0),
(125, '2024-10-20 08:17:42', '2024-10-20 08:17:42', 2, 47, '4', '1', 'Pending', 0.00, 3, 0),
(126, '2024-10-20 08:17:42', '2024-10-20 08:17:42', 2, 48, '4', '1', 'Pending', 0.00, 4, 0),
(127, '2024-10-20 08:17:42', '2024-10-20 08:17:42', 2, 49, '4', '2', 'Pending', 0.00, 0, 0),
(128, '2024-10-20 08:17:42', '2024-10-20 08:17:42', 2, 50, '4', '2', 'Pending', 0.00, 1, 0),
(129, '2024-10-20 08:31:35', '2024-10-20 08:31:35', 3, 129, '1', '1', 'Pending', 0.00, 0, 0),
(130, '2024-10-20 08:31:35', '2024-10-20 08:31:35', 3, 130, '1', '1', 'Pending', 0.00, 1, 0),
(131, '2024-10-20 08:31:35', '2024-10-20 08:31:35', 3, 131, '1', '1', 'Pending', 0.00, 2, 0),
(132, '2024-10-20 08:31:35', '2024-10-20 08:31:35', 3, 132, '1', '1', 'Pending', 0.00, 3, 0),
(133, '2024-10-20 08:31:35', '2024-10-20 08:31:35', 3, 133, '1', '1', 'Pending', 0.00, 4, 0),
(134, '2024-10-20 08:31:35', '2024-10-20 08:31:35', 3, 134, '1', '1', 'Pending', 0.00, 5, 0),
(135, '2024-10-20 08:31:35', '2024-10-20 08:31:35', 3, 135, '1', '1', 'Pending', 0.00, 6, 0),
(136, '2024-10-20 08:31:35', '2024-10-20 08:31:35', 3, 136, '1', '1', 'Pending', 0.00, 7, 0),
(137, '2024-10-20 08:31:35', '2024-10-20 08:31:35', 3, 137, '1', '1', 'Pending', 0.00, 8, 0),
(138, '2024-10-20 08:31:35', '2024-10-20 08:31:35', 3, 138, '1', '1', 'Pending', 0.00, 9, 0),
(139, '2024-10-20 08:31:36', '2024-10-20 08:31:36', 3, 139, '1', '2', 'Pending', 0.00, 0, 0),
(140, '2024-10-20 08:31:36', '2024-10-20 08:31:36', 3, 19, '1', '2', 'Pending', 0.00, 1, 0),
(141, '2024-10-20 08:31:36', '2024-10-20 08:31:36', 3, 140, '1', '2', 'Pending', 0.00, 2, 0),
(142, '2024-10-20 08:31:36', '2024-10-20 08:31:36', 3, 141, '1', '2', 'Pending', 0.00, 3, 0),
(143, '2024-10-20 08:31:36', '2024-10-20 08:31:36', 3, 142, '1', '2', 'Pending', 0.00, 4, 1),
(144, '2024-10-20 08:31:36', '2024-10-20 08:31:36', 3, 143, '1', '2', 'Pending', 0.00, 5, 1),
(145, '2024-10-20 08:31:36', '2024-10-20 08:31:36', 3, 144, '1', '2', 'Pending', 0.00, 6, 0),
(146, '2024-10-20 08:31:36', '2024-10-20 08:31:36', 3, 145, '1', '2', 'Pending', 0.00, 7, 0),
(147, '2024-10-20 08:31:36', '2024-10-20 08:31:36', 3, 146, '1', '2', 'Pending', 0.00, 8, 0),
(148, '2024-10-20 08:31:36', '2024-10-20 08:31:36', 3, 147, '1', '2', 'Pending', 0.00, 9, 0),
(149, '2024-10-20 08:31:36', '2024-10-20 08:31:36', 3, 148, '2', '1', 'Pending', 0.00, 0, 1),
(150, '2024-10-20 08:31:36', '2024-10-20 08:31:36', 3, 149, '2', '1', 'Pending', 0.00, 1, 1),
(151, '2024-10-20 08:31:36', '2024-10-20 08:31:36', 3, 150, '2', '1', 'Pending', 0.00, 2, 0),
(152, '2024-10-20 08:31:36', '2024-10-20 08:31:36', 3, 151, '2', '1', 'Pending', 0.00, 3, 1),
(153, '2024-10-20 08:31:36', '2024-10-20 08:31:36', 3, 152, '2', '1', 'Pending', 0.00, 4, 0),
(154, '2024-10-20 08:31:36', '2024-10-20 08:31:36', 3, 153, '2', '1', 'Pending', 0.00, 5, 1),
(155, '2024-10-20 08:31:36', '2024-10-20 08:31:36', 3, 154, '2', '1', 'Pending', 0.00, 6, 1),
(156, '2024-10-20 08:31:36', '2024-10-20 08:31:36', 3, 155, '2', '1', 'Pending', 0.00, 7, 0),
(157, '2024-10-20 08:31:36', '2024-10-20 08:31:36', 3, 156, '2', '1', 'Pending', 0.00, 8, 0),
(158, '2024-10-20 08:31:36', '2024-10-20 08:31:36', 3, 157, '2', '2', 'Pending', 0.00, 0, 1),
(159, '2024-10-20 08:31:36', '2024-10-20 08:31:36', 3, 158, '2', '2', 'Pending', 0.00, 1, 1),
(160, '2024-10-20 08:31:36', '2024-10-20 08:31:36', 3, 159, '2', '2', 'Pending', 0.00, 2, 0),
(161, '2024-10-20 08:31:36', '2024-10-20 08:31:36', 3, 160, '2', '2', 'Pending', 0.00, 3, 1),
(162, '2024-10-20 08:31:36', '2024-10-20 08:31:36', 3, 161, '2', '2', 'Pending', 0.00, 4, 0),
(163, '2024-10-20 08:31:36', '2024-10-20 08:31:36', 3, 162, '2', '2', 'Pending', 0.00, 5, 1),
(164, '2024-10-20 08:31:36', '2024-10-20 08:31:36', 3, 163, '2', '2', 'Pending', 0.00, 6, 0),
(165, '2024-10-20 08:31:36', '2024-10-20 08:31:36', 3, 164, '2', '2', 'Pending', 0.00, 7, 0),
(166, '2024-10-20 08:31:36', '2024-10-20 08:31:36', 3, 165, '2', '2', 'Pending', 0.00, 8, 0),
(167, '2024-10-20 08:31:36', '2024-10-20 08:31:36', 3, 166, '3', '1', 'Pending', 0.00, 0, 1),
(168, '2024-10-20 08:31:36', '2024-10-20 08:31:36', 3, 167, '3', '1', 'Pending', 0.00, 1, 1),
(169, '2024-10-20 08:31:36', '2024-10-20 08:31:36', 3, 168, '3', '1', 'Pending', 0.00, 2, 1),
(170, '2024-10-20 08:31:36', '2024-10-20 08:31:36', 3, 169, '3', '1', 'Pending', 0.00, 3, 0),
(171, '2024-10-20 08:31:36', '2024-10-20 08:31:36', 3, 170, '3', '1', 'Pending', 0.00, 4, 1),
(172, '2024-10-20 08:31:36', '2024-10-20 08:31:36', 3, 171, '3', '1', 'Pending', 0.00, 5, 1),
(173, '2024-10-20 08:31:36', '2024-10-20 08:31:36', 3, 172, '3', '1', 'Pending', 0.00, 6, 0),
(174, '2024-10-20 08:31:36', '2024-10-20 08:31:36', 3, 173, '3', '1', 'Pending', 0.00, 7, 0),
(175, '2024-10-20 08:31:36', '2024-10-20 08:31:36', 3, 174, '3', '1', 'Pending', 0.00, 8, 0),
(176, '2024-10-20 08:31:36', '2024-10-20 08:31:36', 3, 175, '3', '2', 'Pending', 0.00, 0, 1),
(177, '2024-10-20 08:31:36', '2024-10-20 08:31:36', 3, 176, '3', '2', 'Pending', 0.00, 1, 1),
(178, '2024-10-20 08:31:36', '2024-10-20 08:31:36', 3, 177, '3', '2', 'Pending', 0.00, 2, 1),
(179, '2024-10-20 08:31:36', '2024-10-20 08:31:36', 3, 178, '3', '2', 'Pending', 0.00, 3, 2),
(180, '2024-10-20 08:31:36', '2024-10-20 08:31:36', 3, 179, '3', '2', 'Pending', 0.00, 4, 0),
(181, '2024-10-20 08:31:36', '2024-10-20 08:31:36', 3, 180, '4', '1', 'Pending', 0.00, 0, 1),
(182, '2024-10-20 08:31:36', '2024-10-20 08:31:36', 3, 181, '4', '1', 'Pending', 0.00, 1, 1),
(183, '2024-10-20 08:31:36', '2024-10-20 08:31:36', 3, 182, '4', '1', 'Pending', 0.00, 2, 0),
(184, '2024-10-20 08:31:36', '2024-10-20 08:31:36', 3, 183, '4', '1', 'Pending', 0.00, 3, 0),
(185, '2024-10-20 08:31:36', '2024-10-20 08:31:36', 3, 184, '4', '2', 'Pending', 0.00, 0, 1),
(186, '2024-10-20 08:31:36', '2024-10-20 08:31:36', 3, 185, '4', '2', 'Pending', 0.00, 1, 2),
(187, '2024-10-20 08:47:47', '2024-10-20 08:47:47', 4, 186, '1', '1', 'Pending', 0.00, 0, 0),
(188, '2024-10-20 08:47:47', '2024-10-20 08:47:47', 4, 187, '1', '1', 'Pending', 0.00, 1, 0),
(189, '2024-10-20 08:47:47', '2024-10-20 08:47:47', 4, 188, '1', '1', 'Pending', 0.00, 2, 0),
(190, '2024-10-20 08:47:47', '2024-10-20 08:47:47', 4, 189, '1', '1', 'Pending', 0.00, 3, 0),
(191, '2024-10-20 08:47:47', '2024-10-20 08:47:47', 4, 190, '1', '1', 'Pending', 0.00, 4, 0),
(192, '2024-10-20 08:47:47', '2024-10-20 08:47:47', 4, 191, '1', '1', 'Pending', 0.00, 5, 0),
(193, '2024-10-20 08:47:47', '2024-10-20 08:47:47', 4, 192, '1', '1', 'Pending', 0.00, 6, 0),
(194, '2024-10-20 08:47:47', '2024-10-20 08:47:47', 4, 193, '1', '1', 'Pending', 0.00, 7, 0),
(195, '2024-10-20 08:47:47', '2024-10-20 08:47:47', 4, 194, '1', '1', 'Pending', 0.00, 8, 0),
(196, '2024-10-20 08:47:47', '2024-10-20 08:47:47', 4, 195, '1', '2', 'Pending', 0.00, 0, 0),
(197, '2024-10-20 08:47:47', '2024-10-20 08:47:47', 4, 196, '1', '2', 'Pending', 0.00, 1, 0),
(198, '2024-10-20 08:47:47', '2024-10-20 08:47:47', 4, 197, '1', '2', 'Pending', 0.00, 2, 0),
(199, '2024-10-20 08:47:47', '2024-10-20 08:47:47', 4, 198, '1', '2', 'Pending', 0.00, 3, 0),
(200, '2024-10-20 08:47:47', '2024-10-20 08:47:47', 4, 199, '1', '2', 'Pending', 0.00, 4, 1),
(201, '2024-10-20 08:47:47', '2024-10-20 08:47:47', 4, 200, '1', '2', 'Pending', 0.00, 5, 0),
(202, '2024-10-20 08:47:47', '2024-10-20 08:47:47', 4, 201, '1', '2', 'Pending', 0.00, 6, 0),
(203, '2024-10-20 08:47:47', '2024-10-20 08:47:47', 4, 202, '1', '2', 'Pending', 0.00, 7, 0),
(204, '2024-10-20 08:47:47', '2024-10-20 08:47:47', 4, 203, '1', '2', 'Pending', 0.00, 8, 0),
(205, '2024-10-20 08:47:47', '2024-10-20 08:47:47', 4, 204, '1', '2', 'Pending', 0.00, 9, 0),
(206, '2024-10-20 08:47:47', '2024-10-20 08:47:47', 4, 205, '1', '2', 'Pending', 0.00, 10, 0),
(207, '2024-10-20 08:47:47', '2024-10-20 08:47:47', 4, 206, '2', '1', 'Pending', 0.00, 0, 1),
(208, '2024-10-20 08:47:47', '2024-10-20 08:47:47', 4, 207, '2', '1', 'Pending', 0.00, 1, 0),
(209, '2024-10-20 08:47:48', '2024-10-20 08:47:48', 4, 208, '2', '1', 'Pending', 0.00, 2, 1),
(210, '2024-10-20 08:47:48', '2024-10-20 08:47:48', 4, 209, '2', '1', 'Pending', 0.00, 3, 0),
(211, '2024-10-20 08:47:48', '2024-10-20 08:47:48', 4, 210, '2', '1', 'Pending', 0.00, 4, 0),
(212, '2024-10-20 08:47:48', '2024-10-20 08:47:48', 4, 211, '2', '1', 'Pending', 0.00, 5, 1),
(213, '2024-10-20 08:47:48', '2024-10-20 08:47:48', 4, 212, '2', '1', 'Pending', 0.00, 6, 0),
(214, '2024-10-20 08:47:48', '2024-10-20 08:47:48', 4, 213, '2', '1', 'Pending', 0.00, 7, 0),
(215, '2024-10-20 08:47:48', '2024-10-20 08:47:48', 4, 214, '2', '1', 'Pending', 0.00, 8, 0),
(216, '2024-10-20 08:47:48', '2024-10-20 08:47:48', 4, 215, '2', '1', 'Pending', 0.00, 9, 0),
(217, '2024-10-20 08:47:48', '2024-10-20 08:47:48', 4, 216, '2', '2', 'Pending', 0.00, 0, 1),
(218, '2024-10-20 08:47:48', '2024-10-20 08:47:48', 4, 217, '2', '2', 'Pending', 0.00, 1, 0),
(219, '2024-10-20 08:47:48', '2024-10-20 08:47:48', 4, 218, '2', '2', 'Pending', 0.00, 2, 1),
(220, '2024-10-20 08:47:48', '2024-10-20 08:47:48', 4, 219, '2', '2', 'Pending', 0.00, 3, 0),
(221, '2024-10-20 08:47:48', '2024-10-20 08:47:48', 4, 220, '2', '2', 'Pending', 0.00, 4, 1),
(222, '2024-10-20 08:47:48', '2024-10-20 08:47:48', 4, 221, '2', '2', 'Pending', 0.00, 5, 0),
(223, '2024-10-20 08:47:48', '2024-10-20 08:47:48', 4, 222, '2', '2', 'Pending', 0.00, 6, 0),
(224, '2024-10-20 08:47:48', '2024-10-20 08:47:48', 4, 223, '2', '2', 'Pending', 0.00, 7, 0),
(225, '2024-10-20 08:47:48', '2024-10-20 08:47:48', 4, 224, '2', '2', 'Pending', 0.00, 8, 0),
(226, '2024-10-20 08:47:48', '2024-10-20 08:47:48', 4, 225, '3', '1', 'Pending', 0.00, 0, 1),
(227, '2024-10-20 08:47:48', '2024-10-20 08:47:48', 4, 226, '3', '1', 'Pending', 0.00, 1, 0),
(228, '2024-10-20 08:47:48', '2024-10-20 08:47:48', 4, 227, '3', '1', 'Pending', 0.00, 2, 1),
(229, '2024-10-20 08:47:48', '2024-10-20 08:47:48', 4, 228, '3', '1', 'Pending', 0.00, 3, 0),
(230, '2024-10-20 08:47:48', '2024-10-20 08:47:48', 4, 229, '3', '1', 'Pending', 0.00, 4, 0),
(231, '2024-10-20 08:47:48', '2024-10-20 08:47:48', 4, 77, '3', '1', 'Pending', 0.00, 6, 0),
(232, '2024-10-20 08:47:48', '2024-10-20 08:47:48', 4, 230, '3', '2', 'Pending', 0.00, 0, 1),
(233, '2024-10-20 08:47:48', '2024-10-20 08:47:48', 4, 231, '3', '2', 'Pending', 0.00, 1, 0),
(234, '2024-10-20 08:47:48', '2024-10-20 08:47:48', 4, 232, '3', '2', 'Pending', 0.00, 2, 1),
(235, '2024-10-20 08:47:48', '2024-10-20 08:47:48', 4, 233, '3', '2', 'Pending', 0.00, 3, 0),
(236, '2024-10-20 08:47:48', '2024-10-20 08:47:48', 4, 234, '3', '2', 'Pending', 0.00, 4, 1),
(237, '2024-10-20 08:47:48', '2024-10-20 08:47:48', 4, 235, '3', '2', 'Pending', 0.00, 5, 0),
(238, '2024-10-20 08:47:48', '2024-10-20 08:47:48', 4, 236, '3', '2', 'Pending', 0.00, 6, 2),
(239, '2024-10-20 08:47:48', '2024-10-20 08:47:48', 4, 237, '3', 'Summer', 'Pending', 0.00, 0, 2),
(240, '2024-10-20 08:47:48', '2024-10-20 08:47:48', 4, 238, '4', '1', 'Pending', 0.00, 0, 1),
(241, '2024-10-20 08:47:48', '2024-10-20 08:47:48', 4, 239, '4', '1', 'Pending', 0.00, 1, 0),
(242, '2024-10-20 08:47:48', '2024-10-20 08:47:48', 4, 240, '4', '1', 'Pending', 0.00, 2, 1),
(243, '2024-10-20 08:47:48', '2024-10-20 08:47:48', 4, 241, '4', '1', 'Pending', 0.00, 3, 0),
(244, '2024-10-20 08:47:48', '2024-10-20 08:47:48', 4, 242, '4', '1', 'Pending', 0.00, 4, 1),
(245, '2024-10-20 08:47:48', '2024-10-20 08:47:48', 4, 243, '4', '1', 'Pending', 0.00, 5, 1),
(246, '2024-10-20 08:47:48', '2024-10-20 08:47:48', 4, 244, '4', '2', 'Pending', 0.00, 0, 1),
(247, '2024-10-20 08:47:48', '2024-10-20 08:47:48', 4, 245, '4', '2', 'Pending', 0.00, 1, 0),
(248, '2024-10-20 08:47:48', '2024-10-20 08:47:48', 4, 246, '4', '2', 'Pending', 0.00, 2, 1),
(249, '2024-10-20 08:47:48', '2024-10-20 08:47:48', 4, 247, '4', '2', 'Pending', 0.00, 3, 0),
(250, '2024-10-20 08:47:48', '2024-10-20 08:47:48', 4, 248, '4', '2', 'Pending', 0.00, 4, 1),
(251, '2024-10-20 08:47:48', '2024-10-20 08:47:48', 4, 249, '4', '2', 'Pending', 0.00, 5, 2),
(252, '2024-10-20 11:18:15', '2024-10-20 11:18:15', 5, 250, '1', '1', 'Pending', 0.00, 0, 0),
(253, '2024-10-20 11:18:15', '2024-10-20 11:18:15', 5, 251, '1', '1', 'Pending', 0.00, 1, 0),
(254, '2024-10-20 11:18:15', '2024-10-20 11:18:15', 5, 252, '1', '1', 'Pending', 0.00, 2, 1),
(255, '2024-10-20 11:18:15', '2024-10-20 11:18:15', 5, 253, '1', '1', 'Pending', 0.00, 3, 1),
(256, '2024-10-20 11:18:15', '2024-10-20 11:18:15', 5, 254, '1', '1', 'Pending', 0.00, 4, 0),
(257, '2024-10-20 11:18:15', '2024-10-20 11:18:15', 5, 56, '1', '1', 'Pending', 0.00, 5, 0),
(258, '2024-10-20 11:18:15', '2024-10-20 11:18:15', 5, 192, '1', '1', 'Pending', 0.00, 6, 0),
(259, '2024-10-20 11:18:15', '2024-10-20 11:18:15', 5, 255, '1', '1', 'Pending', 0.00, 7, 0),
(260, '2024-10-20 11:18:15', '2024-10-20 11:18:15', 5, 256, '1', '1', 'Pending', 0.00, 8, 0),
(261, '2024-10-20 11:18:15', '2024-10-20 11:18:15', 5, 257, '1', '1', 'Pending', 0.00, 9, 1),
(262, '2024-10-20 11:18:15', '2024-10-20 11:18:15', 5, 258, '1', '1', 'Pending', 0.00, 10, 1),
(263, '2024-10-20 11:18:15', '2024-10-20 11:18:15', 5, 259, '1', '2', 'Pending', 0.00, 0, 1),
(264, '2024-10-20 11:18:15', '2024-10-20 11:18:15', 5, 260, '1', '2', 'Pending', 0.00, 1, 1),
(265, '2024-10-20 11:18:15', '2024-10-20 11:18:15', 5, 261, '1', '2', 'Pending', 0.00, 2, 1),
(266, '2024-10-20 11:18:15', '2024-10-20 11:18:15', 5, 262, '1', '2', 'Pending', 0.00, 3, 1),
(267, '2024-10-20 11:18:15', '2024-10-20 11:18:15', 5, 263, '1', '2', 'Pending', 0.00, 4, 1),
(268, '2024-10-20 11:18:15', '2024-10-20 11:18:15', 5, 264, '1', '2', 'Pending', 0.00, 5, 0),
(269, '2024-10-20 11:18:15', '2024-10-20 11:18:15', 5, 66, '1', '2', 'Pending', 0.00, 6, 0),
(270, '2024-10-20 11:18:15', '2024-10-20 11:18:15', 5, 265, '1', '2', 'Pending', 0.00, 7, 0),
(271, '2024-10-20 11:18:15', '2024-10-20 11:18:15', 5, 266, '1', '2', 'Pending', 0.00, 8, 0),
(272, '2024-10-20 11:18:15', '2024-10-20 11:18:15', 5, 267, '1', '2', 'Pending', 0.00, 9, 1),
(273, '2024-10-20 11:18:15', '2024-10-20 11:18:15', 5, 268, '1', '2', 'Pending', 0.00, 10, 1),
(274, '2024-10-20 11:18:15', '2024-10-20 11:18:15', 5, 269, '2', '1', 'Pending', 0.00, 0, 1),
(275, '2024-10-20 11:18:16', '2024-10-20 11:18:16', 5, 270, '2', '1', 'Pending', 0.00, 1, 1),
(276, '2024-10-20 11:18:16', '2024-10-20 11:18:16', 5, 271, '2', '1', 'Pending', 0.00, 2, 1),
(277, '2024-10-20 11:18:16', '2024-10-20 11:18:16', 5, 272, '2', '1', 'Pending', 0.00, 3, 1),
(278, '2024-10-20 11:18:16', '2024-10-20 11:18:16', 5, 273, '2', '1', 'Pending', 0.00, 4, 1),
(279, '2024-10-20 11:18:16', '2024-10-20 11:18:16', 5, 274, '2', '1', 'Pending', 0.00, 5, 1),
(280, '2024-10-20 11:18:16', '2024-10-20 11:18:16', 5, 275, '2', '1', 'Pending', 0.00, 6, 1),
(281, '2024-10-20 11:18:16', '2024-10-20 11:18:16', 5, 136, '2', '1', 'Pending', 0.00, 7, 0),
(282, '2024-10-20 11:18:16', '2024-10-20 11:18:16', 5, 276, '2', '1', 'Pending', 0.00, 8, 0),
(283, '2024-10-20 11:18:16', '2024-10-20 11:18:16', 5, 277, '2', '1', 'Pending', 0.00, 9, 0),
(284, '2024-10-20 11:18:16', '2024-10-20 11:18:16', 5, 278, '2', '1', 'Pending', 0.00, 10, 1),
(285, '2024-10-20 11:18:16', '2024-10-20 11:18:16', 5, 279, '2', '2', 'Pending', 0.00, 0, 1),
(286, '2024-10-20 11:18:16', '2024-10-20 11:18:16', 5, 280, '2', '2', 'Pending', 0.00, 1, 1),
(287, '2024-10-20 11:18:16', '2024-10-20 11:18:16', 5, 281, '2', '2', 'Pending', 0.00, 2, 1),
(288, '2024-10-20 11:18:16', '2024-10-20 11:18:16', 5, 282, '2', '2', 'Pending', 0.00, 3, 1),
(289, '2024-10-20 11:18:16', '2024-10-20 11:18:16', 5, 283, '2', '2', 'Pending', 0.00, 4, 0),
(290, '2024-10-20 11:18:16', '2024-10-20 11:18:16', 5, 284, '2', '2', 'Pending', 0.00, 5, 0),
(291, '2024-10-20 11:18:16', '2024-10-20 11:18:16', 5, 285, '2', '2', 'Pending', 0.00, 6, 0),
(292, '2024-10-20 11:18:16', '2024-10-20 11:18:16', 5, 286, '2', '2', 'Pending', 0.00, 7, 0),
(293, '2024-10-20 11:18:16', '2024-10-20 11:18:16', 5, 287, '2', '2', 'Pending', 0.00, 8, 0),
(294, '2024-10-20 11:18:16', '2024-10-20 11:18:16', 5, 288, '2', '2', 'Pending', 0.00, 9, 1),
(295, '2024-10-20 11:18:16', '2024-10-20 11:18:16', 5, 289, '3', '1', 'Pending', 0.00, 0, 1),
(296, '2024-10-20 11:18:16', '2024-10-20 11:18:16', 5, 290, '3', '1', 'Pending', 0.00, 1, 0),
(297, '2024-10-20 11:18:16', '2024-10-20 11:18:16', 5, 291, '3', '1', 'Pending', 0.00, 2, 0),
(298, '2024-10-20 11:18:16', '2024-10-20 11:18:16', 5, 292, '3', '1', 'Pending', 0.00, 3, 1),
(299, '2024-10-20 11:18:16', '2024-10-20 11:18:16', 5, 293, '3', '1', 'Pending', 0.00, 4, 1),
(300, '2024-10-20 11:18:16', '2024-10-20 11:18:16', 5, 294, '3', '1', 'Pending', 0.00, 5, 1),
(301, '2024-10-20 11:18:16', '2024-10-20 11:18:16', 5, 295, '3', '1', 'Pending', 0.00, 6, 0),
(302, '2024-10-20 11:18:16', '2024-10-20 11:18:16', 5, 296, '3', '1', 'Pending', 0.00, 7, 0),
(303, '2024-10-20 11:18:16', '2024-10-20 11:18:16', 5, 297, '3', '1', 'Pending', 0.00, 8, 0),
(304, '2024-10-20 11:18:16', '2024-10-20 11:18:16', 5, 298, '3', '2', 'Pending', 0.00, 0, 1),
(305, '2024-10-20 11:18:16', '2024-10-20 11:18:16', 5, 299, '3', '2', 'Pending', 0.00, 1, 1),
(306, '2024-10-20 11:18:16', '2024-10-20 11:18:16', 5, 300, '3', '2', 'Pending', 0.00, 2, 1),
(307, '2024-10-20 11:18:16', '2024-10-20 11:18:16', 5, 301, '3', '2', 'Pending', 0.00, 3, 1),
(308, '2024-10-20 11:18:16', '2024-10-20 11:18:16', 5, 302, '3', '2', 'Pending', 0.00, 4, 0),
(309, '2024-10-20 11:18:16', '2024-10-20 11:18:16', 5, 303, '3', '2', 'Pending', 0.00, 5, 1),
(310, '2024-10-20 11:18:16', '2024-10-20 11:18:16', 5, 304, '3', '2', 'Pending', 0.00, 6, 0),
(311, '2024-10-20 11:18:16', '2024-10-20 11:18:16', 5, 305, '3', '2', 'Pending', 0.00, 7, 0),
(312, '2024-10-20 11:18:16', '2024-10-20 11:18:16', 5, 306, '4', '1', 'Pending', 0.00, 0, 1),
(313, '2024-10-20 11:18:16', '2024-10-20 11:18:16', 5, 307, '4', '1', 'Pending', 0.00, 1, 1),
(314, '2024-10-20 11:18:16', '2024-10-20 11:18:16', 5, 308, '4', '1', 'Pending', 0.00, 2, 0),
(315, '2024-10-20 11:18:16', '2024-10-20 11:18:16', 5, 309, '4', '1', 'Pending', 0.00, 3, 0),
(316, '2024-10-20 11:18:16', '2024-10-20 11:18:16', 5, 310, '4', '1', 'Pending', 0.00, 4, 0),
(317, '2024-10-20 11:18:16', '2024-10-20 11:18:16', 5, 311, '4', '1', 'Pending', 0.00, 5, 0),
(318, '2024-10-20 11:18:16', '2024-10-20 11:18:16', 5, 312, '4', '1', 'Pending', 0.00, 6, 0),
(319, '2024-10-20 11:18:16', '2024-10-20 11:18:16', 5, 313, '4', '2', 'Pending', 0.00, 0, 1),
(320, '2024-10-20 11:18:16', '2024-10-20 11:18:16', 5, 314, '4', '2', 'Pending', 0.00, 1, 1),
(321, '2024-10-20 11:18:16', '2024-10-20 11:18:16', 5, 315, '4', '2', 'Pending', 0.00, 2, 1),
(322, '2024-10-20 11:18:16', '2024-10-20 11:18:16', 5, 316, '4', '2', 'Pending', 0.00, 3, 0),
(323, '2024-10-20 11:18:16', '2024-10-20 11:18:16', 5, 317, '4', '2', 'Pending', 0.00, 4, 0),
(324, '2024-10-20 11:18:16', '2024-10-20 11:18:16', 5, 318, '4', '2', 'Pending', 0.00, 5, 0),
(325, '2024-10-22 15:50:01', '2024-10-22 15:50:01', 6, 368, '1', '1', 'Pending', 0.00, 0, 0),
(326, '2024-10-22 15:50:01', '2024-10-22 15:50:01', 6, 369, '1', '1', 'Pending', 0.00, 1, 0),
(327, '2024-10-22 15:50:01', '2024-10-22 15:50:01', 6, 370, '1', '1', 'Pending', 0.00, 2, 0),
(328, '2024-10-22 15:50:01', '2024-10-22 15:50:01', 6, 371, '1', '1', 'Pending', 0.00, 3, 0),
(329, '2024-10-22 15:50:01', '2024-10-22 15:50:01', 6, 372, '1', '1', 'Pending', 0.00, 4, 0),
(330, '2024-10-22 15:50:01', '2024-10-22 15:50:01', 6, 373, '1', '1', 'Pending', 0.00, 5, 0),
(331, '2024-10-22 15:50:01', '2024-10-22 15:50:01', 6, 374, '1', '1', 'Pending', 0.00, 6, 0),
(332, '2024-10-22 15:50:01', '2024-10-22 15:50:01', 6, 375, '1', '1', 'Pending', 0.00, 7, 0),
(333, '2024-10-22 15:50:01', '2024-10-22 15:50:01', 6, 376, '1', '1', 'Pending', 0.00, 8, 0),
(334, '2024-10-22 15:50:01', '2024-10-22 15:50:01', 6, 377, '1', '1', 'Pending', 0.00, 9, 0),
(335, '2024-10-22 15:50:01', '2024-10-22 15:50:01', 6, 378, '1', '1', 'Pending', 0.00, 10, 0),
(336, '2024-10-22 15:50:01', '2024-10-22 15:50:01', 6, 379, '1', '1', 'Pending', 0.00, 11, 0),
(337, '2024-10-22 15:50:01', '2024-10-22 15:50:01', 6, 380, '1', '2', 'Pending', 0.00, 0, 0),
(338, '2024-10-22 15:50:02', '2024-10-22 15:50:02', 6, 381, '1', '2', 'Pending', 0.00, 1, 0),
(339, '2024-10-22 15:50:02', '2024-10-22 15:50:02', 6, 382, '1', '2', 'Pending', 0.00, 2, 0),
(340, '2024-10-22 15:50:02', '2024-10-22 15:50:02', 6, 383, '1', '2', 'Pending', 0.00, 3, 0),
(341, '2024-10-22 15:50:02', '2024-10-22 15:50:02', 6, 384, '1', '2', 'Pending', 0.00, 4, 0),
(342, '2024-10-22 15:50:02', '2024-10-22 15:50:02', 6, 385, '1', '2', 'Pending', 0.00, 5, 0),
(343, '2024-10-22 15:50:02', '2024-10-22 15:50:02', 6, 386, '1', '2', 'Pending', 0.00, 6, 1),
(344, '2024-10-22 15:50:02', '2024-10-22 15:50:02', 6, 387, '1', '2', 'Pending', 0.00, 7, 1),
(345, '2024-10-22 15:50:02', '2024-10-22 15:50:02', 6, 388, '1', '2', 'Pending', 0.00, 8, 1),
(346, '2024-10-22 15:50:02', '2024-10-22 15:50:02', 6, 389, '1', '2', 'Pending', 0.00, 9, 1),
(347, '2024-10-22 15:50:02', '2024-10-22 15:50:02', 6, 390, '1', '2', 'Pending', 0.00, 10, 1),
(348, '2024-10-22 15:50:02', '2024-10-22 15:50:02', 6, 391, '1', '2', 'Pending', 0.00, 11, 1),
(349, '2024-10-22 15:50:02', '2024-10-22 15:50:02', 6, 392, '1', 'Summer', 'Pending', 0.00, 0, 0),
(350, '2024-10-22 15:50:02', '2024-10-22 15:50:02', 6, 393, '1', 'Summer', 'Pending', 0.00, 1, 0),
(351, '2024-10-22 15:50:02', '2024-10-22 15:50:02', 6, 394, '1', 'Summer', 'Pending', 0.00, 2, 0),
(352, '2024-10-22 15:50:02', '2024-10-22 15:50:02', 6, 395, '1', 'Summer', 'Pending', 0.00, 3, 0),
(353, '2024-10-22 15:50:02', '2024-10-22 15:50:02', 6, 396, '2', '1', 'Pending', 0.00, 0, 1),
(354, '2024-10-22 15:50:02', '2024-10-22 15:50:02', 6, 397, '2', '1', 'Pending', 0.00, 1, 1),
(355, '2024-10-22 15:50:02', '2024-10-22 15:50:02', 6, 398, '2', '1', 'Pending', 0.00, 2, 1),
(356, '2024-10-22 15:50:02', '2024-10-22 15:50:02', 6, 399, '2', '1', 'Pending', 0.00, 3, 1),
(357, '2024-10-22 15:50:02', '2024-10-22 15:50:02', 6, 400, '2', '1', 'Pending', 0.00, 4, 1),
(358, '2024-10-22 15:50:02', '2024-10-22 15:50:02', 6, 401, '2', '1', 'Pending', 0.00, 5, 1),
(359, '2024-10-22 15:50:02', '2024-10-22 15:50:02', 6, 402, '2', '1', 'Pending', 0.00, 6, 1),
(360, '2024-10-22 15:50:02', '2024-10-22 15:50:02', 6, 403, '2', '1', 'Pending', 0.00, 7, 1),
(361, '2024-10-22 15:50:02', '2024-10-22 15:50:02', 6, 404, '2', '1', 'Pending', 0.00, 8, 1),
(362, '2024-10-22 15:50:02', '2024-10-22 15:50:02', 6, 405, '2', '1', 'Pending', 0.00, 9, 1),
(363, '2024-10-22 15:50:02', '2024-10-22 15:50:02', 6, 406, '2', '1', 'Pending', 0.00, 10, 0),
(364, '2024-10-22 15:50:02', '2024-10-22 15:50:02', 6, 407, '2', '1', 'Pending', 0.00, 11, 1),
(365, '2024-10-22 15:50:02', '2024-10-22 15:50:02', 6, 408, '2', '2', 'Pending', 0.00, 0, 1),
(366, '2024-10-22 15:50:02', '2024-10-22 15:50:02', 6, 409, '2', '2', 'Pending', 0.00, 1, 1),
(367, '2024-10-22 15:50:02', '2024-10-22 15:50:02', 6, 410, '2', '2', 'Pending', 0.00, 2, 1),
(368, '2024-10-22 15:50:02', '2024-10-22 15:50:02', 6, 411, '2', '2', 'Pending', 0.00, 3, 1),
(369, '2024-10-22 15:50:02', '2024-10-22 15:50:02', 6, 412, '2', '2', 'Pending', 0.00, 4, 1),
(370, '2024-10-22 15:50:02', '2024-10-22 15:50:02', 6, 413, '2', '2', 'Pending', 0.00, 5, 1),
(371, '2024-10-22 15:50:02', '2024-10-22 15:50:02', 6, 414, '2', '2', 'Pending', 0.00, 6, 1),
(372, '2024-10-22 15:50:02', '2024-10-22 15:50:02', 6, 415, '2', '2', 'Pending', 0.00, 7, 1),
(373, '2024-10-22 15:50:02', '2024-10-22 15:50:02', 6, 416, '2', '2', 'Pending', 0.00, 8, 1),
(374, '2024-10-22 15:50:02', '2024-10-22 15:50:02', 6, 417, '2', '2', 'Pending', 0.00, 9, 1),
(375, '2024-10-22 15:50:02', '2024-10-22 15:50:02', 6, 418, '2', '2', 'Pending', 0.00, 10, 2),
(376, '2024-10-22 15:50:02', '2024-10-22 15:50:02', 6, 419, '2', '2', 'Pending', 0.00, 11, 1),
(377, '2024-10-22 15:50:02', '2024-10-22 15:50:02', 6, 420, '2', '2', 'Pending', 0.00, 12, 1),
(378, '2024-10-22 15:50:02', '2024-10-22 15:50:02', 6, 421, '2', 'Summer', 'Pending', 0.00, 0, 0),
(379, '2024-10-22 15:50:02', '2024-10-22 15:50:02', 6, 422, '2', 'Summer', 'Pending', 0.00, 1, 0),
(380, '2024-10-22 15:50:02', '2024-10-22 15:50:02', 6, 423, '2', 'Summer', 'Pending', 0.00, 2, 1),
(381, '2024-10-22 15:50:02', '2024-10-22 15:50:02', 6, 424, '3', '1', 'Pending', 0.00, 0, 1),
(382, '2024-10-22 15:50:02', '2024-10-22 15:50:02', 6, 425, '3', '1', 'Pending', 0.00, 1, 1),
(383, '2024-10-22 15:50:02', '2024-10-22 15:50:02', 6, 426, '3', '1', 'Pending', 0.00, 2, 1),
(384, '2024-10-22 15:50:02', '2024-10-22 15:50:02', 6, 427, '3', '1', 'Pending', 0.00, 3, 1),
(385, '2024-10-22 15:50:02', '2024-10-22 15:50:02', 6, 428, '3', '1', 'Pending', 0.00, 4, 1),
(386, '2024-10-22 15:50:02', '2024-10-22 15:50:02', 6, 429, '3', '1', 'Pending', 0.00, 5, 1),
(387, '2024-10-22 15:50:02', '2024-10-22 15:50:02', 6, 430, '3', '1', 'Pending', 0.00, 6, 1),
(388, '2024-10-22 15:50:02', '2024-10-22 15:50:02', 6, 431, '3', '1', 'Pending', 0.00, 7, 1),
(389, '2024-10-22 15:50:02', '2024-10-22 15:50:02', 6, 432, '3', '1', 'Pending', 0.00, 8, 1),
(390, '2024-10-22 15:50:02', '2024-10-22 15:50:02', 6, 433, '3', '1', 'Pending', 0.00, 9, 1),
(391, '2024-10-22 15:50:02', '2024-10-22 15:50:02', 6, 434, '3', '1', 'Pending', 0.00, 10, 0),
(392, '2024-10-22 15:50:02', '2024-10-22 15:50:02', 6, 435, '3', '1', 'Pending', 0.00, 11, 0),
(393, '2024-10-22 15:50:02', '2024-10-22 15:50:02', 6, 436, '3', '2', 'Pending', 0.00, 0, 1),
(394, '2024-10-22 15:50:02', '2024-10-22 15:50:02', 6, 437, '3', '2', 'Pending', 0.00, 1, 1),
(395, '2024-10-22 15:50:02', '2024-10-22 15:50:02', 6, 438, '3', '2', 'Pending', 0.00, 2, 1),
(396, '2024-10-22 15:50:02', '2024-10-22 15:50:02', 6, 439, '3', '2', 'Pending', 0.00, 3, 1),
(397, '2024-10-22 15:50:02', '2024-10-22 15:50:02', 6, 440, '3', '2', 'Pending', 0.00, 4, 1),
(398, '2024-10-22 15:50:02', '2024-10-22 15:50:02', 6, 441, '3', '2', 'Pending', 0.00, 5, 1),
(399, '2024-10-22 15:50:02', '2024-10-22 15:50:02', 6, 442, '3', '2', 'Pending', 0.00, 6, 1),
(400, '2024-10-22 15:50:02', '2024-10-22 15:50:02', 6, 443, '3', '2', 'Pending', 0.00, 7, 1),
(401, '2024-10-22 15:50:02', '2024-10-22 15:50:02', 6, 444, '3', '2', 'Pending', 0.00, 8, 1),
(402, '2024-10-22 15:50:02', '2024-10-22 15:50:02', 6, 445, '3', '2', 'Pending', 0.00, 9, 1),
(403, '2024-10-22 15:50:02', '2024-10-22 15:50:02', 6, 446, '3', '2', 'Pending', 0.00, 10, 1),
(404, '2024-10-22 15:50:02', '2024-10-22 15:50:02', 6, 447, '3', 'Summer', 'Pending', 0.00, 0, 2),
(405, '2024-10-22 15:50:02', '2024-10-22 15:50:02', 6, 448, '4', '1', 'Pending', 0.00, 0, 0),
(406, '2024-10-22 15:50:02', '2024-10-22 15:50:02', 6, 449, '4', '1', 'Pending', 0.00, 1, 2),
(408, '2024-10-22 15:52:56', '2024-10-22 15:52:56', 7, 319, '1', '1', 'Pending', 0.00, 0, 1),
(409, '2024-10-22 15:52:56', '2024-10-22 15:52:56', 7, 320, '1', '1', 'Pending', 0.00, 1, 1),
(410, '2024-10-22 15:52:56', '2024-10-22 15:52:56', 7, 321, '1', '1', 'Pending', 0.00, 2, 1),
(411, '2024-10-22 15:52:56', '2024-10-22 15:52:56', 7, 322, '1', '1', 'Pending', 0.00, 3, 0),
(412, '2024-10-22 15:52:56', '2024-10-22 15:52:56', 7, 190, '1', '1', 'Pending', 0.00, 4, 0),
(413, '2024-10-22 15:52:56', '2024-10-22 15:52:56', 7, 323, '1', '1', 'Pending', 0.00, 5, 0),
(414, '2024-10-22 15:52:56', '2024-10-22 15:52:56', 7, 192, '1', '1', 'Pending', 0.00, 6, 0),
(415, '2024-10-22 15:52:56', '2024-10-22 15:52:56', 7, 324, '1', '1', 'Pending', 0.00, 7, 0),
(416, '2024-10-22 15:52:56', '2024-10-22 15:52:56', 7, 325, '1', '1', 'Pending', 0.00, 8, 1),
(417, '2024-10-22 15:52:56', '2024-10-22 15:52:56', 7, 326, '1', '1', 'Pending', 0.00, 9, 1),
(418, '2024-10-22 15:52:56', '2024-10-22 15:52:56', 7, 327, '1', '1', 'Pending', 0.00, 10, 0),
(419, '2024-10-22 15:52:56', '2024-10-22 15:52:56', 7, 328, '1', '2', 'Pending', 0.00, 0, 1),
(420, '2024-10-22 15:52:56', '2024-10-22 15:52:56', 7, 329, '1', '2', 'Pending', 0.00, 1, 1),
(421, '2024-10-22 15:52:56', '2024-10-22 15:52:56', 7, 330, '1', '2', 'Pending', 0.00, 2, 1),
(422, '2024-10-22 15:52:56', '2024-10-22 15:52:56', 7, 331, '1', '2', 'Pending', 0.00, 3, 1),
(423, '2024-10-22 15:52:56', '2024-10-22 15:52:56', 7, 332, '1', '2', 'Pending', 0.00, 4, 1),
(424, '2024-10-22 15:52:56', '2024-10-22 15:52:56', 7, 333, '1', '2', 'Pending', 0.00, 5, 0),
(425, '2024-10-22 15:52:56', '2024-10-22 15:52:56', 7, 334, '1', '2', 'Pending', 0.00, 6, 0),
(426, '2024-10-22 15:52:56', '2024-10-22 15:52:56', 7, 335, '1', '2', 'Pending', 0.00, 7, 1),
(427, '2024-10-22 15:52:56', '2024-10-22 15:52:56', 7, 336, '2', '1', 'Pending', 0.00, 0, 1),
(428, '2024-10-22 15:52:56', '2024-10-22 15:52:56', 7, 337, '2', '1', 'Pending', 0.00, 1, 1),
(429, '2024-10-22 15:52:56', '2024-10-22 15:52:56', 7, 338, '2', '1', 'Pending', 0.00, 2, 1),
(430, '2024-10-22 15:52:56', '2024-10-22 15:52:56', 7, 339, '2', '1', 'Pending', 0.00, 3, 1),
(431, '2024-10-22 15:52:56', '2024-10-22 15:52:56', 7, 340, '2', '1', 'Pending', 0.00, 4, 1),
(432, '2024-10-22 15:52:56', '2024-10-22 15:52:56', 7, 341, '2', '1', 'Pending', 0.00, 5, 0),
(433, '2024-10-22 15:52:56', '2024-10-22 15:52:56', 7, 342, '2', '1', 'Pending', 0.00, 6, 1),
(434, '2024-10-22 15:52:56', '2024-10-22 15:52:56', 7, 343, '2', '1', 'Pending', 0.00, 7, 0),
(435, '2024-10-22 15:52:56', '2024-10-22 15:52:56', 7, 344, '2', '2', 'Pending', 0.00, 0, 1),
(436, '2024-10-22 15:52:56', '2024-10-22 15:52:56', 7, 345, '2', '2', 'Pending', 0.00, 1, 1),
(437, '2024-10-22 15:52:56', '2024-10-22 15:52:56', 7, 346, '2', '2', 'Pending', 0.00, 2, 1),
(438, '2024-10-22 15:52:56', '2024-10-22 15:52:56', 7, 12, '2', '2', 'Pending', 0.00, 3, 0),
(439, '2024-10-22 15:52:56', '2024-10-22 15:52:56', 7, 347, '2', '2', 'Pending', 0.00, 4, 1),
(440, '2024-10-22 15:52:56', '2024-10-22 15:52:56', 7, 348, '2', '2', 'Pending', 0.00, 5, 0),
(441, '2024-10-22 15:52:56', '2024-10-22 15:52:56', 7, 349, '3', '1', 'Pending', 0.00, 0, 1),
(442, '2024-10-22 15:52:56', '2024-10-22 15:52:56', 7, 350, '3', '1', 'Pending', 0.00, 1, 1),
(443, '2024-10-22 15:52:56', '2024-10-22 15:52:56', 7, 351, '3', '1', 'Pending', 0.00, 2, 1),
(444, '2024-10-22 15:52:56', '2024-10-22 15:52:56', 7, 352, '3', '1', 'Pending', 0.00, 3, 1),
(445, '2024-10-22 15:52:56', '2024-10-22 15:52:56', 7, 353, '3', '1', 'Pending', 0.00, 4, 0),
(446, '2024-10-22 15:52:56', '2024-10-22 15:52:56', 7, 354, '3', '1', 'Pending', 0.00, 5, 0),
(447, '2024-10-22 15:52:56', '2024-10-22 15:52:56', 7, 355, '3', '2', 'Pending', 0.00, 0, 1),
(448, '2024-10-22 15:52:56', '2024-10-22 15:52:56', 7, 356, '3', '2', 'Pending', 0.00, 1, 1),
(449, '2024-10-22 15:52:56', '2024-10-22 15:52:56', 7, 357, '3', '2', 'Pending', 0.00, 2, 1),
(450, '2024-10-22 15:52:56', '2024-10-22 15:52:56', 7, 358, '3', '2', 'Pending', 0.00, 3, 0),
(451, '2024-10-22 15:52:56', '2024-10-22 15:52:56', 7, 359, '3', '2', 'Pending', 0.00, 4, 0),
(452, '2024-10-22 15:52:56', '2024-10-22 15:52:56', 7, 360, '4', '1', 'Pending', 0.00, 0, 1),
(453, '2024-10-22 15:52:56', '2024-10-22 15:52:56', 7, 361, '4', '1', 'Pending', 0.00, 1, 1),
(454, '2024-10-22 15:52:56', '2024-10-22 15:52:56', 7, 362, '4', '1', 'Pending', 0.00, 2, 1),
(455, '2024-10-22 15:52:56', '2024-10-22 15:52:56', 7, 363, '4', '1', 'Pending', 0.00, 3, 1),
(456, '2024-10-22 15:52:56', '2024-10-22 15:52:56', 7, 364, '4', '2', 'Pending', 0.00, 0, 2),
(457, '2024-10-22 15:52:56', '2024-10-22 15:52:56', 7, 365, '4', '2', 'Pending', 0.00, 1, 2),
(458, '2024-10-22 15:52:56', '2024-10-22 15:52:56', 7, 366, '4', '2', 'Pending', 0.00, 2, 1),
(459, '2024-10-22 15:52:56', '2024-10-22 15:52:56', 7, 367, '4', '2', 'Pending', 0.00, 3, 2);

-- --------------------------------------------------------

--
-- Table structure for table `studentunitsallocation`
--

CREATE TABLE `studentunitsallocation` (
  `id` int(11) NOT NULL,
  `timeCreated` datetime DEFAULT current_timestamp(),
  `timeUpdated` datetime DEFAULT current_timestamp() ON UPDATE current_timestamp(),
  `studentId` int(11) NOT NULL,
  `academicYear` varchar(20) NOT NULL,
  `academicSemester` varchar(20) NOT NULL,
  `maxUnits` int(11) NOT NULL
) ENGINE=InnoDB DEFAULT CHARSET=utf8mb4 COLLATE=utf8mb4_general_ci;

--
-- Dumping data for table `studentunitsallocation`
--

INSERT INTO `studentunitsallocation` (`id`, `timeCreated`, `timeUpdated`, `studentId`, `academicYear`, `academicSemester`, `maxUnits`) VALUES
(1, '2024-10-20 08:16:13', '2024-10-20 08:16:13', 1, '1', '1', 23),
(2, '2024-10-20 08:16:13', '2024-10-20 08:16:13', 1, '1', '2', 27),
(3, '2024-10-20 08:16:13', '2024-10-20 08:16:13', 1, '2', '1', 23),
(4, '2024-10-20 08:16:13', '2024-10-20 08:16:13', 1, '2', '2', 22),
(5, '2024-10-20 08:16:13', '2024-10-20 08:16:13', 1, '3', '1', 21),
(6, '2024-10-20 08:16:13', '2024-10-20 08:16:13', 1, '3', '2', 21),
(7, '2024-10-20 08:16:13', '2024-10-20 08:16:13', 1, '3', 'Summer', 4),
(8, '2024-10-20 08:16:13', '2024-10-20 08:16:13', 1, '4', '1', 27),
(9, '2024-10-20 08:16:13', '2024-10-20 08:16:13', 1, '4', '2', 27),
(10, '2024-10-20 08:17:42', '2024-10-20 08:17:42', 2, '1', '1', 23),
(11, '2024-10-20 08:17:42', '2024-10-20 08:17:42', 2, '1', '2', 25),
(12, '2024-10-20 08:17:42', '2024-10-20 08:17:42', 2, '2', '1', 22),
(13, '2024-10-20 08:17:42', '2024-10-20 08:17:42', 2, '2', '2', 15),
(14, '2024-10-20 08:17:42', '2024-10-20 08:17:42', 2, '3', '1', 18),
(15, '2024-10-20 08:17:42', '2024-10-20 08:17:42', 2, '3', '2', 14),
(16, '2024-10-20 08:17:42', '2024-10-20 08:17:42', 2, '4', '1', 27),
(17, '2024-10-20 08:17:42', '2024-10-20 08:17:42', 2, '4', '2', 27),
(18, '2024-10-20 08:31:36', '2024-10-20 08:31:36', 3, '1', '1', 28),
(19, '2024-10-20 08:31:36', '2024-10-20 08:31:36', 3, '1', '2', 25),
(20, '2024-10-20 08:31:36', '2024-10-20 08:31:36', 3, '2', '1', 22),
(21, '2024-10-20 08:31:36', '2024-10-20 08:31:36', 3, '2', '2', 22),
(22, '2024-10-20 08:31:36', '2024-10-20 08:31:36', 3, '3', '1', 17),
(23, '2024-10-20 08:31:36', '2024-10-20 08:31:36', 3, '3', '2', 13),
(24, '2024-10-20 08:31:36', '2024-10-20 08:31:36', 3, '4', '1', 27),
(25, '2024-10-20 08:31:36', '2024-10-20 08:31:36', 3, '4', '2', 27),
(26, '2024-10-20 08:47:48', '2024-10-20 08:47:48', 4, '1', '1', 24),
(27, '2024-10-20 08:47:48', '2024-10-20 08:47:48', 4, '1', '2', 25),
(28, '2024-10-20 08:47:48', '2024-10-20 08:47:48', 4, '2', '1', 24),
(29, '2024-10-20 08:47:48', '2024-10-20 08:47:48', 4, '2', '2', 23),
(30, '2024-10-20 08:47:48', '2024-10-20 08:47:48', 4, '3', '1', 16),
(31, '2024-10-20 08:47:48', '2024-10-20 08:47:48', 4, '3', '2', 16),
(32, '2024-10-20 08:47:48', '2024-10-20 08:47:48', 4, '3', 'Summer', 3),
(33, '2024-10-20 08:47:48', '2024-10-20 08:47:48', 4, '4', '1', 27),
(34, '2024-10-20 08:47:48', '2024-10-20 08:47:48', 4, '4', '2', 27),
(35, '2024-10-20 11:18:16', '2024-10-20 11:18:16', 5, '1', '1', 26),
(36, '2024-10-20 11:18:16', '2024-10-20 11:18:16', 5, '1', '2', 26),
(37, '2024-10-20 11:18:16', '2024-10-20 11:18:16', 5, '2', '1', 23),
(38, '2024-10-20 11:18:16', '2024-10-20 11:18:16', 5, '2', '2', 23),
(39, '2024-10-20 11:18:16', '2024-10-20 11:18:16', 5, '3', '1', 15),
(40, '2024-10-20 11:18:16', '2024-10-20 11:18:16', 5, '3', '2', 13),
(41, '2024-10-20 11:18:16', '2024-10-20 11:18:16', 5, '4', '1', 27),
(42, '2024-10-20 11:18:16', '2024-10-20 11:18:16', 5, '4', '2', 27),
(43, '2024-10-22 15:52:56', '2024-10-22 15:52:56', 7, '1', '1', 30),
(44, '2024-10-22 15:52:56', '2024-10-22 15:52:56', 7, '1', '2', 25),
(45, '2024-10-22 15:52:56', '2024-10-22 15:52:56', 7, '2', '1', 27),
(46, '2024-10-22 15:52:56', '2024-10-22 15:52:56', 7, '2', '2', 26),
(47, '2024-10-22 15:52:56', '2024-10-22 15:52:56', 7, '3', '1', 26),
(48, '2024-10-22 15:52:56', '2024-10-22 15:52:56', 7, '3', '2', 26),
(49, '2024-10-22 15:52:56', '2024-10-22 15:52:56', 7, '4', '1', 27),
(50, '2024-10-22 15:52:56', '2024-10-22 15:52:56', 7, '4', '2', 27);

-- --------------------------------------------------------

--
-- Table structure for table `subjectinformation`
--

CREATE TABLE `subjectinformation` (
  `id` int(11) NOT NULL,
  `timeCreated` datetime DEFAULT current_timestamp(),
  `timeUpdated` datetime DEFAULT current_timestamp() ON UPDATE current_timestamp(),
  `subjectNumber` varchar(255) DEFAULT '-',
  `subjectCode` varchar(255) DEFAULT '-',
  `subjectDescription` varchar(255) DEFAULT '-',
  `subjectUnit` int(11) DEFAULT 0,
  `sortOrder` int(11) NOT NULL,
  `priority` int(11) NOT NULL DEFAULT 1
) ENGINE=InnoDB DEFAULT CHARSET=utf8mb4 COLLATE=utf8mb4_general_ci;

--
-- Dumping data for table `subjectinformation`
--

INSERT INTO `subjectinformation` (`id`, `timeCreated`, `timeUpdated`, `subjectNumber`, `subjectCode`, `subjectDescription`, `subjectUnit`, `sortOrder`, `priority`) VALUES
(1, '2024-10-19 16:40:36', '2024-10-19 16:40:36', '1', 'APP 0007', 'Art Appreciation', 3, 0, 0),
(2, '2024-10-19 16:40:36', '2024-10-19 16:40:36', '2', 'FIL 0010', 'Komunikasyon sa Interdisplinaryong Pagdulog sa Filipino', 3, 1, 0),
(3, '2024-10-19 16:40:36', '2024-10-19 16:40:36', '3', 'MMW 0001', 'Mathematics in the Moderm World', 3, 2, 0),
(4, '2024-10-19 16:40:36', '2024-10-19 16:40:36', '4', 'PCM 0006', 'Purposive Communication', 3, 3, 0),
(5, '2024-10-19 16:40:36', '2024-10-19 16:40:36', '5', 'STS 0002', 'Science, Technology and Society', 3, 4, 0),
(6, '2024-10-19 16:40:36', '2024-10-19 16:40:36', '6', 'PSY 1101', 'Introduction to Psychology', 3, 5, 0),
(7, '2024-10-19 16:40:36', '2024-10-19 16:40:36', '7', 'NSTP 11', 'ROTC / CWTS', 3, 6, 0),
(8, '2024-10-19 16:40:36', '2024-10-19 16:40:36', '8', 'PED 11', 'PE', 2, 7, 0),
(9, '2024-10-19 16:40:37', '2024-10-19 16:40:37', '1', 'FIL 0012', 'Interdisiplinaryong Pagbasa at Pagsulat sa mga Diskurso ng Pagpapahayag', 3, 0, 0),
(10, '2024-10-19 16:40:37', '2024-10-19 16:40:37', '2', 'UTS 0003', 'Understanding the Self', 3, 1, 0),
(11, '2024-10-19 16:40:37', '2024-10-19 16:40:37', '3', 'RPH 0004', 'Reading in Phillipines History', 3, 2, 0),
(12, '2024-10-19 16:40:37', '2024-10-19 16:40:37', '4', 'TCW 0005', 'The Contemporary World', 3, 3, 0),
(13, '2024-10-19 16:40:37', '2024-10-19 16:40:37', '5', 'PSY 1201', 'Psychological Statistics (Lecture)', 3, 4, 0),
(14, '2024-10-19 16:40:37', '2024-10-19 16:40:37', '6', 'PSY 1201L', 'Psychological Statistics (Laboratory)', 2, 5, 0),
(15, '2024-10-19 16:40:37', '2024-10-19 16:40:37', '7', 'PAN 0011', 'Panitikang Filipino', 3, 6, 0),
(16, '2024-10-19 16:40:37', '2024-10-19 16:40:37', '8', 'NSTP/ ROTC/ CWTS', 'ROTC/ CWTS', 3, 7, 0),
(17, '2024-10-19 16:40:37', '2024-10-19 16:40:37', '9', 'PED 11', 'PE', 2, 8, 0),
(18, '2024-10-19 16:40:37', '2024-10-19 16:40:37', '1', 'LWR 0009', 'Life and Works of Rizal', 3, 0, 0),
(19, '2024-10-19 16:40:37', '2024-10-19 16:40:37', '2', 'ETH 0008', 'Ethics', 3, 1, 0),
(20, '2024-10-19 16:40:37', '2024-10-19 16:40:37', '3', 'PSY 2101', 'Developmental Psycohology', 3, 2, 0),
(21, '2024-10-19 16:40:37', '2024-10-19 16:40:37', '4', 'PSY 2102', 'Psychological/ Biological Psychology', 3, 3, 0),
(22, '2024-10-19 16:40:37', '2024-10-19 16:40:37', '5', 'PSY 2103', 'Theories of Personality', 3, 4, 0),
(23, '2024-10-19 16:40:37', '2024-10-19 16:40:37', '6', 'CHY 2101', 'Principles of Chemistry (Lecture)', 3, 5, 0),
(24, '2024-10-19 16:40:37', '2024-10-19 16:40:37', '7', 'CHY 2101L', 'Principles of Chemistry (Laboratory)', 2, 6, 0),
(25, '2024-10-19 16:40:37', '2024-10-19 16:40:37', '8', 'PE Elective', 'PE (12,13,or 14)', 2, 7, 0),
(26, '2024-10-19 16:40:37', '2024-10-19 16:40:37', '1', 'PSY 2201', 'Cognitive Psycohology', 3, 0, 0),
(27, '2024-10-19 16:40:38', '2024-10-19 16:40:38', '2', 'PSY 2202', 'Experimental Psychology (Lecture)', 3, 1, 0),
(28, '2024-10-19 16:40:38', '2024-10-19 16:40:38', '3', 'PSY 2202L', 'Experimental Psychology (Laboratory)', 2, 2, 0),
(29, '2024-10-19 16:40:38', '2024-10-19 16:40:38', '4', 'CHY 2202', 'Biochemistry (Lecture)', 3, 3, 0),
(30, '2024-10-19 16:40:38', '2024-10-19 16:40:38', '5', 'CHY 2202L', 'Biochemistry (Laboratory)', 2, 4, 0),
(31, '2024-10-19 16:40:38', '2024-10-19 16:40:38', '6', 'PE Elective', 'PE (12,13,or 14)', 2, 5, 0),
(32, '2024-10-19 16:40:38', '2024-10-19 16:40:38', '1', 'PSY 3101', 'Abnormal Psychology', 3, 0, 0),
(33, '2024-10-19 16:40:38', '2024-10-19 16:40:38', '2', 'PSY 3102', 'Field Methods in Psychology (Lecture)', 3, 1, 0),
(34, '2024-10-19 16:40:38', '2024-10-19 16:40:38', '4', 'PSY 3102L', 'Field Methods in Psychology (Laboratory)', 2, 2, 0),
(35, '2024-10-19 16:40:38', '2024-10-19 16:40:38', '5', 'PSY 3103', 'Psychological Assessment (Lecture)', 3, 3, 0),
(36, '2024-10-19 16:40:38', '2024-10-19 16:40:38', '6', 'PSY 3103L', 'Pyschological Assessment (Laboratory)', 2, 4, 0),
(37, '2024-10-19 16:40:38', '2024-10-19 16:40:38', '7', 'GZP 3101', 'General Zoology (Lecture)', 3, 5, 0),
(38, '2024-10-19 16:40:38', '2024-10-19 16:40:38', '8', 'GZP 3101L', 'General Zoology (Laboratory)', 2, 6, 0),
(39, '2024-10-19 16:40:38', '2024-10-19 16:40:38', '1', 'PSY 3201', 'Social Psychology', 3, 0, 0),
(40, '2024-10-19 16:40:38', '2024-10-19 16:40:38', '2', 'PSY 32012', 'Industrial/Organizational Psychology', 3, 1, 0),
(41, '2024-10-19 16:40:38', '2024-10-19 16:40:38', '3', 'HAP 3201', 'Human Anotonomy and Physiology (Lecture)', 3, 2, 0),
(42, '2024-10-19 16:40:38', '2024-10-19 16:40:38', '4', 'HAP 3201L', 'Human Anotonomy and Physiology (Laboratory)', 2, 3, 0),
(43, '2024-10-19 16:40:38', '2024-10-19 16:40:38', '5', 'GES 0013', 'Environmental Science', 3, 4, 0),
(44, '2024-10-19 16:40:38', '2024-10-19 16:40:38', '1', 'PSY 4101', 'Research in Psychology I', 3, 0, 0),
(45, '2024-10-19 16:40:38', '2024-10-19 16:40:38', '2', 'PSY 4102', 'Introduction to Clinical Psychology', 3, 1, 0),
(46, '2024-10-19 16:40:39', '2024-10-19 16:40:39', '3', 'PSY 4103', 'Sikolohiyang Pilipino', 3, 2, 0),
(47, '2024-10-19 16:40:39', '2024-10-19 16:40:39', '4', 'PPC 112', 'Philippine Popular Culture', 3, 3, 0),
(48, '2024-10-19 16:40:39', '2024-10-19 16:40:39', '5', 'PIC 112', 'Philippine Indigenous Communities', 3, 4, 0),
(49, '2024-10-19 16:40:39', '2024-10-19 16:40:39', '1', 'PSY 4201', 'Research in Psychology II', 3, 0, 0),
(50, '2024-10-19 16:40:39', '2024-10-19 16:40:39', '2', 'PSY 4202', 'Practicum in Educational/ Industrial / Clinical Setting', 3, 1, 0),
(51, '2024-10-20 08:14:31', '2024-10-20 08:14:31', '1', 'CET 0111', 'Calculus 1', 3, 0, 1),
(52, '2024-10-20 08:14:31', '2024-10-20 08:14:31', '2', 'CET 0112', 'Chemistry for Engineers (lec)', 3, 1, 1),
(53, '2024-10-20 08:14:31', '2024-10-20 08:14:31', '3', 'CET 0112.1', 'Chemistry for Engineers (lab)', 1, 2, 0),
(54, '2024-10-20 08:14:31', '2024-10-20 08:14:31', '4', 'CIV 0111', 'Civil Engineering Orientation', 2, 3, 0),
(55, '2024-10-20 08:14:31', '2024-10-20 08:14:31', '5', 'MMW 0001', 'Mathematics in the Modern World', 3, 4, 0),
(56, '2024-10-20 08:14:31', '2024-10-20 08:14:31', '6', 'STS 0002', 'Science, Technology and Society', 3, 5, 0),
(57, '2024-10-20 08:14:31', '2024-10-20 08:14:31', '7', 'ITE 0001', 'Living in the IT ERA', 3, 6, 0),
(58, '2024-10-20 08:14:32', '2024-10-20 08:14:32', '8', 'PED 0001', 'Foundation of Physical Activities', 2, 7, 1),
(59, '2024-10-20 08:14:32', '2024-10-20 08:14:32', '9', 'NSTP1', 'National Service Training Program - ROTC 1 / CWTS 1', 3, 8, 1),
(60, '2024-10-20 08:14:32', '2024-10-20 08:14:32', '1', 'CET 0121', 'Calculus 2', 3, 0, 1),
(61, '2024-10-20 08:14:32', '2024-10-20 08:14:32', '2', 'CET 0122A', 'Physics for Engineers (lec)', 4, 1, 1),
(62, '2024-10-20 08:14:32', '2024-10-20 08:14:32', '3', 'CET 0122.1', 'Physics for Engineers (lab)', 1, 2, 0),
(63, '2024-10-20 08:14:32', '2024-10-20 08:14:32', '4', 'CIV 0121', 'Engineering Drawing and Plans', 1, 3, 1),
(64, '2024-10-20 08:14:32', '2024-10-20 08:14:32', '5', 'EIT 0121.1', 'Computer Fundamentals and Programming 1', 1, 4, 1),
(65, '2024-10-20 08:14:32', '2024-10-20 08:14:32', '6', 'UTS 0003', 'Understanding the Self', 3, 5, 0),
(66, '2024-10-20 08:14:32', '2024-10-20 08:14:32', '7', 'TCW 0005', 'The Contemporary World', 3, 6, 0),
(67, '2024-10-20 08:14:32', '2024-10-20 08:14:32', '8', 'PCM 0006', 'Purposive Communication', 3, 7, 0),
(68, '2024-10-20 08:14:32', '2024-10-20 08:14:32', '9', 'IPP 0010', 'Interdisiplinaryong Pagbasa at Pagsulat sa mga Diskurso ng Pagpapahayag', 3, 8, 0),
(69, '2024-10-20 08:14:32', '2024-10-20 08:14:32', '10', 'PED 12', 'PE Elective (12, 13, or 14)', 2, 9, 1),
(70, '2024-10-20 08:14:32', '2024-10-20 08:14:32', '11', 'NSTP2', 'National Service Training Program - ROTC 2 / CWTS 2', 3, 10, 1),
(71, '2024-10-20 08:14:32', '2024-10-20 08:14:32', '1', 'CET 0214', 'Statics of Rigid Bodies', 3, 0, 1),
(72, '2024-10-20 08:14:32', '2024-10-20 08:14:32', '2', 'CET 0216', 'Engineering Economics', 3, 1, 2),
(73, '2024-10-20 08:14:32', '2024-10-20 08:14:32', '3', 'CIV 0211A', 'Fundamentals of Surveying (lec)', 4, 2, 1),
(74, '2024-10-20 08:14:32', '2024-10-20 08:14:32', '4', 'CIV 0211.1', 'Fundamentals of Surveying (fld)', 1, 3, 0),
(75, '2024-10-20 08:14:33', '2024-10-20 08:14:33', '5', 'EIT 0211.1', 'Computer Fundamentals and Programming 2', 1, 4, 1),
(76, '2024-10-20 08:14:33', '2024-10-20 08:14:33', '6', 'ETH 0008', 'Ethics', 3, 5, 0),
(77, '2024-10-20 08:14:33', '2024-10-20 08:14:33', '7', 'LWR 0009', 'Life and Works of Rizal', 3, 6, 0),
(78, '2024-10-20 08:14:33', '2024-10-20 08:14:33', '8', 'RPH 0004', 'Readings in Philippine History', 3, 7, 0),
(79, '2024-10-20 08:14:33', '2024-10-20 08:14:33', '9', 'PED 13', 'PE Elective (12, 13, or 14)', 2, 8, 1),
(80, '2024-10-20 08:14:33', '2024-10-20 08:14:33', '1', 'CET 0123.1', 'Computer-Aided Drafting', 1, 0, 1),
(81, '2024-10-20 08:14:33', '2024-10-20 08:14:33', '2', 'CET 0211', 'Differential Equations', 3, 1, 1),
(82, '2024-10-20 08:14:33', '2024-10-20 08:14:33', '3', 'CET 0212', 'Engineering Data Analysis', 3, 2, 0),
(83, '2024-10-20 08:14:33', '2024-10-20 08:14:33', '4', 'CET 0221', 'Engineering Management', 2, 3, 0),
(84, '2024-10-20 08:14:33', '2024-10-20 08:14:33', '5', 'CET 0223', 'Dynamics of Rigid Bodies', 2, 4, 1),
(85, '2024-10-20 08:14:33', '2024-10-20 08:14:33', '6', 'CIV 0221', 'Geology for Civil Engineers', 2, 5, 1),
(86, '2024-10-20 08:14:33', '2024-10-20 08:14:33', '7', 'CIV 0222', 'Mechanics of Deformable Bodies', 4, 6, 1),
(87, '2024-10-20 08:14:33', '2024-10-20 08:14:33', '8', 'AAP 0007', 'Art Appreciation', 3, 7, 0),
(88, '2024-10-20 08:14:33', '2024-10-20 08:14:33', '9', 'PED 14', 'PE Elective (12, 13, or 14)', 2, 8, 1),
(89, '2024-10-20 08:14:33', '2024-10-20 08:14:33', '1', 'GTB 121', 'Great Books', 3, 0, 0),
(90, '2024-10-20 08:14:33', '2024-10-20 08:14:33', '2', 'CIV 0311', 'Highway and Railroad Engineering', 3, 1, 1),
(91, '2024-10-20 08:14:33', '2024-10-20 08:14:33', '4', 'CIV 0312', 'Hydrology', 2, 2, 0),
(92, '2024-10-20 08:14:33', '2024-10-20 08:14:33', '5', 'CIV 0313', 'Numerical Solutions to CE Problems (lec)', 2, 3, 1),
(93, '2024-10-20 08:14:34', '2024-10-20 08:14:34', '6', 'CIV 0313.1', 'Numerical Solutions to CE Problems (lab)', 1, 4, 0),
(94, '2024-10-20 08:14:34', '2024-10-20 08:14:34', '7', 'CIV 0314', 'Structural Theory (lec)', 3, 5, 1),
(95, '2024-10-20 08:14:34', '2024-10-20 08:14:34', '8', 'CIV 0314.1', 'Structural Theory (lab)', 1, 6, 0),
(96, '2024-10-20 08:14:34', '2024-10-20 08:14:34', '9', 'ELE 0318', 'Engineering Utilities 1', 3, 7, 1),
(97, '2024-10-20 08:14:34', '2024-10-20 08:14:34', '10', 'MEC 0317', 'Engineering Utilities 2', 3, 8, 1),
(98, '2024-10-20 08:14:34', '2024-10-20 08:14:34', '1', 'CET 0411', 'Technopreneurship 101', 3, 0, 2),
(99, '2024-10-20 08:14:34', '2024-10-20 08:14:34', '2', 'CIV 0321', 'Building Systems Design (lec)', 2, 1, 1),
(100, '2024-10-20 08:14:34', '2024-10-20 08:14:34', '3', 'CIV 0321.1', 'Building Systems Design (lab)', 1, 2, 0),
(101, '2024-10-20 08:14:34', '2024-10-20 08:14:34', '4', 'CIV 0322', 'Civil Engineering Law, Ethics and Contracts', 2, 3, 2),
(102, '2024-10-20 08:14:34', '2024-10-20 08:14:34', '5', 'CIV 0323A', 'Hydraulics (lec)', 5, 4, 1),
(103, '2024-10-20 08:14:34', '2024-10-20 08:14:34', '6', 'CIV 0323.1', 'Hydraulics (lab)', 1, 5, 0),
(104, '2024-10-20 08:14:34', '2024-10-20 08:14:34', '7', 'CIV 0324', 'Principles of Reinforced and Prestressed Concrete (lec)', 3, 6, 1),
(105, '2024-10-20 08:14:34', '2024-10-20 08:14:34', '8', 'CIV 0324.1', 'Principles of Reinforced and Prestressed Concrete (lab)', 1, 7, 0),
(106, '2024-10-20 08:14:34', '2024-10-20 08:14:34', '9', 'CIV 0325', 'Principles of Transportation Engineering', 3, 8, 1),
(107, '2024-10-20 08:14:34', '2024-10-20 08:14:34', '1', 'CIV 0331A', 'On-the-Job Training - 240 hrs (lec)', 3, 0, 2),
(108, '2024-10-20 08:14:34', '2024-10-20 08:14:34', '2', 'CIV 0331.1', 'On-the-Job Training - 240 hrs (fld)', 1, 1, 0),
(109, '2024-10-20 08:14:34', '2024-10-20 08:14:34', '1', 'PPC 122', 'Philippine Popular Culture', 3, 0, 0),
(110, '2024-10-20 08:14:34', '2024-10-20 08:14:34', '2', 'CIV 0411', 'CE Project 1 (lec)', 1, 1, 2),
(111, '2024-10-20 08:14:34', '2024-10-20 08:14:34', '3', 'CIV 0411.1', 'CE Project 1 (lab)', 1, 2, 0),
(112, '2024-10-20 08:14:34', '2024-10-20 08:14:34', '4', 'CIV 0412A', 'Geotechnical Engineering 1 - Soil Mechanics (lec)', 4, 3, 1),
(113, '2024-10-20 08:14:34', '2024-10-20 08:14:34', '5', 'CIV 0412.1', 'Geotechnical Engineering 1 - Soil Mechanics (lab)', 1, 4, 0),
(114, '2024-10-20 08:14:35', '2024-10-20 08:14:35', '6', 'CIV 0413', 'Quantity Surveying (lec)', 1, 5, 1),
(115, '2024-10-20 08:14:35', '2024-10-20 08:14:35', '7', 'CIV 0413.1', 'Quantity Surveying (lab)', 1, 6, 0),
(116, '2024-10-20 08:14:35', '2024-10-20 08:14:35', '8', 'CIV 0414', 'Principles of Steel Design (lec)', 2, 7, 1),
(117, '2024-10-20 08:14:35', '2024-10-20 08:14:35', '9', 'CIV 0414.1', 'Principles of Steel Design (lab)', 1, 8, 0),
(118, '2024-10-20 08:14:35', '2024-10-20 08:14:35', '10', 'CIVCM/CIVST 0415', 'Professional Course - Specialized 1 **', 3, 9, 2),
(119, '2024-10-20 08:14:35', '2024-10-20 08:14:35', '11', 'CIVCM/CIVST 0416', 'Professional Course - Specialized 2 **', 3, 10, 2),
(120, '2024-10-20 08:14:35', '2024-10-20 08:14:35', '1', 'CIV 0421', 'CE Project 2 (lec)', 1, 0, 1),
(121, '2024-10-20 08:14:35', '2024-10-20 08:14:35', '2', 'CIV 0421.1', 'CE Project 2 (lab)', 1, 1, 0),
(122, '2024-10-20 08:14:35', '2024-10-20 08:14:35', '3', 'CIV 0422', 'Construction Methods and Project Management', 3, 2, 2),
(123, '2024-10-20 08:14:35', '2024-10-20 08:14:35', '4', 'CIV 0423', 'Construction Materials and Testing (lec)', 2, 3, 1),
(124, '2024-10-20 08:14:35', '2024-10-20 08:14:35', '5', 'CIV 0423.1', 'Construction Materials and Testing (lab)', 1, 4, 0),
(125, '2024-10-20 08:14:35', '2024-10-20 08:14:35', '6', 'CIVCM/CIVST 0424', 'Professional Course - Specialized 3 **', 3, 5, 2),
(126, '2024-10-20 08:14:35', '2024-10-20 08:14:35', '7', 'CIVCM/CIVST 0425', 'Professional Course - Specialized 4 **', 3, 6, 2),
(127, '2024-10-20 08:14:35', '2024-10-20 08:14:35', '8', 'CIVCM/CIVST 0426', 'Professional Course - Specialized 5 **', 3, 7, 2),
(128, '2024-10-20 08:14:35', '2024-10-20 08:14:35', '9', 'CIV 0427.1', 'Special Topics in Civil Engineering (Lab)', 1, 8, 2),
(129, '2024-10-20 08:31:02', '2024-10-20 08:31:02', '1', 'UTS 0003', 'Understanding the Self', 3, 0, 0),
(130, '2024-10-20 08:31:02', '2024-10-20 08:31:02', '2', 'STS 0002', 'Science, Technology & Society', 3, 1, 0),
(131, '2024-10-20 08:31:02', '2024-10-20 08:31:02', '3', 'PCM 0006', 'Purposive Communication', 3, 2, 0),
(132, '2024-10-20 08:31:02', '2024-10-20 08:31:02', '4', 'MTH 131', 'Math Analysis 1', 3, 3, 0),
(133, '2024-10-20 08:31:02', '2024-10-20 08:31:02', '5', 'CHM 1101', 'Principles of Chemistry (Lecture)', 3, 4, 0),
(134, '2024-10-20 08:31:02', '2024-10-20 08:31:02', '6', 'CHM 1101L', 'Principles of Chemistry (Laboratory)', 2, 5, 0),
(135, '2024-10-20 08:31:02', '2024-10-20 08:31:02', '7', 'GES 0013', 'Environmental Science', 3, 6, 0),
(136, '2024-10-20 08:31:02', '2024-10-20 08:31:02', '8', 'ITE 0001', 'Living in the IT Era', 3, 7, 0),
(137, '2024-10-20 08:31:02', '2024-10-20 08:31:02', '9', 'PED 0001-45', 'PE', 2, 8, 0),
(138, '2024-10-20 08:31:02', '2024-10-20 08:31:02', '10', 'NSTP 01-58', 'NSTP/ ROTC/CWTS', 3, 9, 0),
(139, '2024-10-20 08:31:02', '2024-10-20 08:31:02', '1', 'MMW 0001', 'Mathematics in the Modern World', 3, 0, 0),
(140, '2024-10-20 08:31:02', '2024-10-20 08:31:02', '3', 'PHY 1011', 'Physics 1 (Lecture)', 3, 2, 0),
(141, '2024-10-20 08:31:02', '2024-10-20 08:31:02', '4', 'PHY 1011L', 'Physics 1 (Laboratory)', 1, 3, 0),
(142, '2024-10-20 08:31:03', '2024-10-20 08:31:03', '5', 'MTH 132', 'Math Analysis 2', 3, 4, 1),
(143, '2024-10-20 08:31:03', '2024-10-20 08:31:03', '6', 'CHM 1211', 'Inorganic Chemistry 1 (Lecture)', 3, 5, 1),
(144, '2024-10-20 08:31:03', '2024-10-20 08:31:03', '7', 'CHM 1211L', 'Inorganic Chemistry 1 (Laboratory)', 1, 6, 0),
(145, '2024-10-20 08:31:03', '2024-10-20 08:31:03', '8', 'CBM 0016', 'The Entrepreneurial Mind', 3, 7, 0),
(146, '2024-10-20 08:31:03', '2024-10-20 08:31:03', '9', 'PED 0074-4', 'PE', 2, 8, 0),
(147, '2024-10-20 08:31:03', '2024-10-20 08:31:03', '10', 'NSTP 02-58', 'NSTP/ ROTC/CWTS', 3, 9, 0),
(148, '2024-10-20 08:31:03', '2024-10-20 08:31:03', '1', 'CHM 2121', 'Analytical Chemistry 1 (Lecture)', 3, 0, 1),
(149, '2024-10-20 08:31:03', '2024-10-20 08:31:03', '2', 'CHM 2121L', 'Analytical Chemistry 1 (Laboratory)', 2, 1, 1),
(150, '2024-10-20 08:31:03', '2024-10-20 08:31:03', '3', 'RPH 0004', 'Readings in Philippine History', 3, 2, 0),
(151, '2024-10-20 08:31:03', '2024-10-20 08:31:03', '4', 'PHY 2101', 'Physics 2 (Lecture)', 3, 3, 1),
(152, '2024-10-20 08:31:03', '2024-10-20 08:31:03', '5', 'PHY 2101L', 'Physics 2 (Laboratory)', 1, 4, 0),
(153, '2024-10-20 08:31:03', '2024-10-20 08:31:03', '6', 'CHM 2131', 'Organic Chemistry 1 (Lecture)', 3, 5, 1),
(154, '2024-10-20 08:31:03', '2024-10-20 08:31:03', '7', 'CHM 2131L', 'Organic Chemistry 1 (Laboratory)', 2, 6, 1),
(155, '2024-10-20 08:31:03', '2024-10-20 08:31:03', '8', 'IPP 0010', 'Interdisiplinaryong Pagbasa at Pagsulat tungo sa Mabisang Pagpapahayag', 3, 7, 0),
(156, '2024-10-20 08:31:03', '2024-10-20 08:31:03', '9', 'PED 0012-14', 'PE', 2, 8, 0),
(157, '2024-10-20 08:31:04', '2024-10-20 08:31:04', '1', 'CHM 2232', 'Organic Chemistry 2 (Lecture)', 3, 0, 1),
(158, '2024-10-20 08:31:04', '2024-10-20 08:31:04', '2', 'CHM 2232L', 'Organic Chemistry 2 (Laboratory)', 2, 1, 1),
(159, '2024-10-20 08:31:04', '2024-10-20 08:31:04', '3', 'AAP 0007', 'Art Appreciation', 3, 2, 0),
(160, '2024-10-20 08:31:04', '2024-10-20 08:31:04', '4', 'CHM 2222', 'Analytical Chemistry 2 (Lecture)', 3, 3, 1),
(161, '2024-10-20 08:31:04', '2024-10-20 08:31:04', '5', 'CHM 2222L', 'Analytical Chemistry 2 (Laboratory)', 2, 4, 0),
(162, '2024-10-20 08:31:04', '2024-10-20 08:31:04', '6', 'CHM 2241', 'Physical Chemistry 1 (Lecture)', 3, 5, 1),
(163, '2024-10-20 08:31:04', '2024-10-20 08:31:04', '7', 'CHM 2241L', 'Physical Chemistry 1 (Laboratory)', 1, 6, 0),
(164, '2024-10-20 08:31:04', '2024-10-20 08:31:04', '8', 'TCW 0005', 'The Contemporary World', 3, 7, 0),
(165, '2024-10-20 08:31:04', '2024-10-20 08:31:04', '9', 'PED 0043-5', 'PE', 2, 8, 0),
(166, '2024-10-20 08:31:04', '2024-10-20 08:31:04', '1', 'CHM 3123', 'Analytical Chemistry 3 (Lecture)', 3, 0, 1),
(167, '2024-10-20 08:31:04', '2024-10-20 08:31:04', '2', 'CHM 3123L', 'Analytical Chemistry 3 (Laboratory)', 1, 1, 1),
(168, '2024-10-20 08:31:04', '2024-10-20 08:31:04', '4', 'CHM 3142', 'Physical Chemistry 2 (Lecture)', 3, 2, 1),
(169, '2024-10-20 08:31:04', '2024-10-20 08:31:04', '5', 'CHM 3142L', 'Physical Chemistry 2 (Laboratory)', 1, 3, 0),
(170, '2024-10-20 08:31:04', '2024-10-20 08:31:04', '6', 'CHM 3151', 'Biochemistry 1 (Lecture)', 3, 4, 1),
(171, '2024-10-20 08:31:04', '2024-10-20 08:31:04', '7', 'CHM 3151L', 'Biochemistry 1 (Laboratory)', 2, 5, 1),
(172, '2024-10-20 08:31:05', '2024-10-20 08:31:05', '8', 'CHM 3161', 'Chemistry Jurisprudence and Ethics', 1, 6, 0),
(173, '2024-10-20 08:31:05', '2024-10-20 08:31:05', '9', 'CHM 3162', 'Chemometrics (Lecture)', 2, 7, 0),
(174, '2024-10-20 08:31:05', '2024-10-20 08:31:05', '10', 'CHM 3162L', 'Chemometrics (Laboratory)', 1, 8, 0),
(175, '2024-10-20 08:31:05', '2024-10-20 08:31:05', '1', 'CHM 3233', 'Advanced Organic Chemistry (elective 1)', 3, 0, 1),
(176, '2024-10-20 08:31:05', '2024-10-20 08:31:05', '2', 'CHM 3252', 'Biochemistry 2', 3, 1, 1),
(177, '2024-10-20 08:31:05', '2024-10-20 08:31:05', '3', 'CHM 3243', 'Physical Chemistry 3', 3, 2, 1),
(178, '2024-10-20 08:31:05', '2024-10-20 08:31:05', '4', 'CHM 3271', 'Thesis 1 (Laboratory)', 1, 3, 2),
(179, '2024-10-20 08:31:05', '2024-10-20 08:31:05', '5', 'LWR 0009', 'Rizal', 3, 4, 0),
(180, '2024-10-20 08:31:05', '2024-10-20 08:31:05', '1', 'CHM 4172', 'Thesis 2 (Laboratory)', 1, 0, 1),
(181, '2024-10-20 08:31:05', '2024-10-20 08:31:05', '2', 'CHM 4112', 'Inorganic Chemistry 2 (Lecture)', 3, 1, 1),
(182, '2024-10-20 08:31:05', '2024-10-20 08:31:05', '3', 'CHM 4112L', 'Inorganic Chemistry 2 (Laboratory)', 1, 2, 0),
(183, '2024-10-20 08:31:05', '2024-10-20 08:31:05', '4', 'CHM 4180', 'Special Topics in Chemistry (elective 2)', 3, 3, 0),
(184, '2024-10-20 08:31:05', '2024-10-20 08:31:05', '1', 'CHM 4273', 'Thesis 3 (Laboratory)', 1, 0, 1),
(185, '2024-10-20 08:31:05', '2024-10-20 08:31:05', '2', 'CHM 4290', 'Professional Engagement', 3, 1, 2),
(186, '2024-10-20 08:45:40', '2024-10-20 08:45:40', '1', 'BOT 1101', 'Geneal Botany (lec)', 3, 0, 0),
(187, '2024-10-20 08:45:40', '2024-10-20 08:45:40', '2', 'BOT 1101L', 'General Bontany (lab)', 2, 1, 0),
(188, '2024-10-20 08:45:40', '2024-10-20 08:45:40', '3', 'ZOO 1102', 'General Zoology (lec)', 3, 2, 0),
(189, '2024-10-20 08:45:40', '2024-10-20 08:45:40', '4', 'ZOO 1102L', 'General Zoology (lab)', 2, 3, 0),
(190, '2024-10-20 08:45:40', '2024-10-20 08:45:40', '5', 'ETH 0008', 'Ethics', 3, 4, 0),
(191, '2024-10-20 08:45:40', '2024-10-20 08:45:40', '6', 'RPH 0004', 'Reading Philippine History', 3, 5, 0),
(192, '2024-10-20 08:45:40', '2024-10-20 08:45:40', '7', 'MMW 0001', 'Mathematics in the modern World', 3, 6, 0),
(193, '2024-10-20 08:45:40', '2024-10-20 08:45:40', '8', 'NSTP1', 'CWTS/ROTC', 3, 7, 0),
(194, '2024-10-20 08:45:40', '2024-10-20 08:45:40', '9', 'PED 11', 'Foundation of physicla Activites', 2, 8, 0),
(195, '2024-10-20 08:45:41', '2024-10-20 08:45:41', '1', 'BIO 1201', 'Systematics (lec)', 3, 0, 0),
(196, '2024-10-20 08:45:41', '2024-10-20 08:45:41', '2', 'BIO 1201L', 'Systematics (lab)', 2, 1, 0),
(197, '2024-10-20 08:45:41', '2024-10-20 08:45:41', '3', 'CHB 1201', 'Chemical Biology 1 (organic Molecules) (lec)', 2, 2, 0),
(198, '2024-10-20 08:45:41', '2024-10-20 08:45:41', '4', 'CHB 1201L', 'Chemical Biology 1 (organic Molecules) (lab)', 1, 3, 0),
(199, '2024-10-20 08:45:41', '2024-10-20 08:45:41', '5', 'STB 1201', 'Statistical Biology (lec)', 2, 4, 1),
(200, '2024-10-20 08:45:41', '2024-10-20 08:45:41', '6', 'STB 1201L', 'Statistical Biology (lab)', 1, 5, 0),
(201, '2024-10-20 08:45:41', '2024-10-20 08:45:41', '7', 'GTB 121', 'Great books', 3, 6, 0),
(202, '2024-10-20 08:45:41', '2024-10-20 08:45:41', '8', 'PPC 122', 'Philippine indlgenous Communites', 3, 7, 0),
(203, '2024-10-20 08:45:41', '2024-10-20 08:45:41', '9', 'UTS 008', 'Understanding the self', 3, 8, 0),
(204, '2024-10-20 08:45:41', '2024-10-20 08:45:41', '10', 'NSTP 11/ROTC', 'CWTS/RPTC', 3, 9, 0),
(205, '2024-10-20 08:45:41', '2024-10-20 08:45:41', '11', 'PED 12', 'PE', 2, 10, 0),
(206, '2024-10-20 08:45:41', '2024-10-20 08:45:41', '1', 'ZOO 2101', 'Evolutionary Biology (lec)', 3, 0, 1),
(207, '2024-10-20 08:45:41', '2024-10-20 08:45:41', '2', 'ZOO 2101L', 'Evolutionary Biology (lab)', 2, 1, 0),
(208, '2024-10-20 08:45:41', '2024-10-20 08:45:41', '3', 'ECO 2102', 'Ecology 1 (lec)', 3, 2, 1),
(209, '2024-10-20 08:45:41', '2024-10-20 08:45:41', '4', 'ECO 2102L', 'Ecology 1 (lab)', 2, 3, 0),
(210, '2024-10-20 08:45:41', '2024-10-20 08:45:41', '5', 'CHB 2102', 'Chemical Biology 2 (Analytical Methods in Biology) (lec)', 2, 4, 0),
(211, '2024-10-20 08:45:41', '2024-10-20 08:45:41', '6', 'CHB 2102L', 'Chemical Biology 2 (Analytical Methods in Biology) (lab)', 1, 5, 1),
(212, '2024-10-20 08:45:41', '2024-10-20 08:45:41', '7', 'STS 0002', 'Science Techology and Sociaty', 3, 6, 0),
(213, '2024-10-20 08:45:42', '2024-10-20 08:45:42', '8', 'AAP 0007', 'Art Appreation', 3, 7, 0),
(214, '2024-10-20 08:45:42', '2024-10-20 08:45:42', '9', 'PCM 0008', 'Purposive Communication', 3, 8, 0),
(215, '2024-10-20 08:45:42', '2024-10-20 08:45:42', '10', 'PED 13', 'PE', 2, 9, 0),
(216, '2024-10-20 08:45:42', '2024-10-20 08:45:42', '1', 'CHB 2203', 'Chemical Biology 2 (Biomolecules) (lec)', 3, 0, 1),
(217, '2024-10-20 08:45:42', '2024-10-20 08:45:42', '2', 'CHB 2203L', 'Chemical Biology 2 (Biomolecules) (lab)', 2, 1, 0),
(218, '2024-10-20 08:45:42', '2024-10-20 08:45:42', '3', 'MIC 2201', 'Microbiology 1 (lec)', 3, 2, 1),
(219, '2024-10-20 08:45:42', '2024-10-20 08:45:42', '4', 'MIC 2201L', 'Microbiology 1 (lab)', 2, 3, 0),
(220, '2024-10-20 08:45:42', '2024-10-20 08:45:42', '5', 'GEN 2202', 'Genetics (lec)', 3, 4, 1),
(221, '2024-10-20 08:45:42', '2024-10-20 08:45:42', '6', 'GEN 2202L', 'Genetics (lab)', 2, 5, 0),
(222, '2024-10-20 08:45:42', '2024-10-20 08:45:42', '7', 'TCW 0006', 'The contemporary World', 3, 6, 0),
(223, '2024-10-20 08:45:42', '2024-10-20 08:45:42', '8', 'CBM 0016', 'Entrepreneural Mind', 3, 7, 0),
(224, '2024-10-20 08:45:42', '2024-10-20 08:45:42', '9', 'PED 14', 'PE', 2, 8, 0),
(225, '2024-10-20 08:45:42', '2024-10-20 08:45:42', '1', 'CMB 3101', 'Cell&Molecular Biology (lec)', 3, 0, 1),
(226, '2024-10-20 08:45:42', '2024-10-20 08:45:42', '2', 'CMB 3101L', 'Cell&Molecular Biology (lab)', 2, 1, 0),
(227, '2024-10-20 08:45:42', '2024-10-20 08:45:42', '4', 'ZOO 3102', 'General Physiology (lec)', 3, 2, 1),
(228, '2024-10-20 08:45:42', '2024-10-20 08:45:42', '5', 'ZOO 3102L', 'General Physiology (lab)', 2, 3, 0),
(229, '2024-10-20 08:45:42', '2024-10-20 08:45:42', '6', 'FIL 0001', 'Interdisiplinaryong Pagbasa at Pagsulat sa mga Diskurso ng Pagpapahayag', 3, 4, 0),
(230, '2024-10-20 08:45:43', '2024-10-20 08:45:43', '1', 'PHB 3201', 'Biophysics (lec)', 2, 0, 1),
(231, '2024-10-20 08:45:43', '2024-10-20 08:45:43', '2', 'PHB 3201L', 'Biophysics (lab)', 2, 1, 0),
(232, '2024-10-20 08:45:43', '2024-10-20 08:45:43', '3', 'ZOO 3202', 'Developmental Biology (lec)', 3, 2, 1),
(233, '2024-10-20 08:45:43', '2024-10-20 08:45:43', '4', 'ZOO 3202L', 'Developmental Biology (lab)', 2, 3, 0),
(234, '2024-10-20 08:45:43', '2024-10-20 08:45:43', '5', 'BEC 3201', 'Freshwater Biology (lec)', 3, 4, 1),
(235, '2024-10-20 08:45:43', '2024-10-20 08:45:43', '6', 'BEC 3201L', 'Freshwater Biology (lab)', 2, 5, 0),
(236, '2024-10-20 08:45:43', '2024-10-20 08:45:43', '7', 'BSM 3201', 'thesis 1', 2, 6, 2),
(237, '2024-10-20 08:45:43', '2024-10-20 08:45:43', '1', 'PRC 3301', 'Practicum', 3, 0, 2),
(238, '2024-10-20 08:45:43', '2024-10-20 08:45:43', '1', 'BEC 4101', 'Marine Ecology (lec)', 3, 0, 1),
(239, '2024-10-20 08:45:43', '2024-10-20 08:45:43', '2', 'BEC 4101L', 'Marine Ecology (lab)', 2, 1, 0),
(240, '2024-10-20 08:45:43', '2024-10-20 08:45:43', '3', 'BEC 4102', 'Terrestrial Ecology (lec)', 3, 2, 1),
(241, '2024-10-20 08:45:43', '2024-10-20 08:45:43', '4', 'BEC 4102L', 'Terrestrial Ecology (lab)', 2, 3, 0),
(242, '2024-10-20 08:45:43', '2024-10-20 08:45:43', '5', 'BSM 41022', 'Thesis 2', 2, 4, 1),
(243, '2024-10-20 08:45:43', '2024-10-20 08:45:43', '6', 'ELB 4101', 'Responsible Conduct in Bioresearch', 3, 5, 1),
(244, '2024-10-20 08:45:43', '2024-10-20 08:45:43', '1', 'BEC 4203', 'Population Ecology (lec)', 3, 0, 1),
(245, '2024-10-20 08:45:43', '2024-10-20 08:45:43', '2', 'BEC 4203L', 'Population Ecology (lab)', 2, 1, 0),
(246, '2024-10-20 08:45:43', '2024-10-20 08:45:43', '3', 'BEC 4204', 'Biology Resource Management (lec)', 3, 2, 1),
(247, '2024-10-20 08:45:43', '2024-10-20 08:45:43', '4', 'BEC 4204L', 'Biology Resource Management (lab)', 2, 3, 0),
(248, '2024-10-20 08:45:43', '2024-10-20 08:45:43', '5', 'BSM 4203', 'Thesis 3', 2, 4, 1),
(249, '2024-10-20 08:45:44', '2024-10-20 08:45:44', '6', 'ELB 4202', 'Principles And Methods of teaching', 3, 5, 2),
(250, '2024-10-20 11:17:38', '2024-10-20 11:17:38', '1', 'ICC 0101', 'Introduction to Computing (Lecture)', 2, 0, 0),
(251, '2024-10-20 11:17:38', '2024-10-20 11:17:38', '2', 'ICC 0101.1', 'Introduction to Computing (Laboratory)', 1, 1, 0),
(252, '2024-10-20 11:17:38', '2024-10-20 11:17:38', '3', 'ICC 0102', 'Fundamentals of Programming (Lecture)', 2, 2, 1),
(253, '2024-10-20 11:17:38', '2024-10-20 11:17:38', '4', 'ICC 0102.1', 'Fundamentals of Programming (Laboratory)', 1, 3, 1),
(254, '2024-10-20 11:17:38', '2024-10-20 11:17:38', '5', 'CSC 0102', 'Discrete Structure 1', 3, 4, 0),
(255, '2024-10-20 11:17:38', '2024-10-20 11:17:38', '8', 'PCM 0006', 'Purposive Communications', 3, 7, 0),
(256, '2024-10-20 11:17:38', '2024-10-20 11:17:38', '9', 'FIL 0010', 'Interdisiplinaryong Pagbasa at Pagsulat sa mga Diskurso ng Pagpapahayag', 3, 8, 0),
(257, '2024-10-20 11:17:38', '2024-10-20 11:17:38', '10', 'PATHFIT 1', 'Foundation of Physical Activities', 2, 9, 1),
(258, '2024-10-20 11:17:38', '2024-10-20 11:17:38', '11', 'NSTP 1', 'National Service Training Program - ROTC 1 / CWTS 1', 3, 10, 1),
(259, '2024-10-20 11:17:38', '2024-10-20 11:17:38', '1', 'ICC 0103', 'Intermediate Programming (Lec)', 2, 0, 1),
(260, '2024-10-20 11:17:38', '2024-10-20 11:17:38', '2', 'ICC 0103.1', 'Intermediate Programming (Lab)', 1, 1, 1),
(261, '2024-10-20 11:17:39', '2024-10-20 11:17:39', '3', 'ICC 0104', 'Data Structures and Algorithms (Lec)', 2, 2, 1),
(262, '2024-10-20 11:17:39', '2024-10-20 11:17:39', '4', 'ICC 0104.1', 'Data Structures and Algorithms (Lab)', 1, 3, 1),
(263, '2024-10-20 11:17:39', '2024-10-20 11:17:39', '5', 'CSC 0211', 'Discrete Structures 2', 3, 4, 1),
(264, '2024-10-20 11:17:39', '2024-10-20 11:17:39', '6', 'CSC 0223', 'Human Computer Interaction', 3, 5, 0),
(265, '2024-10-20 11:17:39', '2024-10-20 11:17:39', '8', 'RPH 0004', 'Readings in the Philippine History', 3, 7, 0),
(266, '2024-10-20 11:17:39', '2024-10-20 11:17:39', '9', 'LWR 0009', 'Life and Works of Rizal', 3, 8, 0),
(267, '2024-10-20 11:17:39', '2024-10-20 11:17:39', '10', 'PATHFIT 2', 'PE Elective (12, 13. or 14)', 2, 9, 1),
(268, '2024-10-20 11:17:39', '2024-10-20 11:17:39', '11', 'NSTP 2', 'National Service Training Program - ROTC 2 / CWTS 2', 3, 10, 1),
(269, '2024-10-20 11:17:39', '2024-10-20 11:17:39', '1', 'CSC 0123', 'Logic Design and Digital Computer Circuits (Lec)', 2, 0, 1),
(270, '2024-10-20 11:17:39', '2024-10-20 11:17:39', '2', 'CSC 0123.1', 'Logic Design and Digital Computer Circuits (Lab)', 1, 1, 1),
(271, '2024-10-20 11:17:39', '2024-10-20 11:17:39', '3', 'CSC 0212', 'Object Oriented Programming (Lec)', 2, 2, 1),
(272, '2024-10-20 11:17:39', '2024-10-20 11:17:39', '4', 'CSC 0212.1', 'Object Oriented Programming (Lab)', 1, 3, 1),
(273, '2024-10-20 11:17:39', '2024-10-20 11:17:39', '5', 'CSC 0224', 'Operation Research', 3, 4, 1),
(274, '2024-10-20 11:17:39', '2024-10-20 11:17:39', '6', 'ICC 0105', 'Information Management (Lec)', 2, 5, 1),
(275, '2024-10-20 11:17:39', '2024-10-20 11:17:39', '7', 'ICC 0105.1', 'Information Management (Lab)', 1, 6, 1),
(276, '2024-10-20 11:17:39', '2024-10-20 11:17:39', '9', 'ETH 0008', 'Ethics', 3, 8, 0),
(277, '2024-10-20 11:17:40', '2024-10-20 11:17:40', '10', 'UTS 0003', 'Understanding the Self', 3, 9, 0),
(278, '2024-10-20 11:17:40', '2024-10-20 11:17:40', '11', 'PATHFIT 3', 'PE Elective (12, 13, or 14)', 2, 10, 1),
(279, '2024-10-20 11:17:40', '2024-10-20 11:17:40', '1', 'CSC 0221', 'Algorithm and Complexity', 3, 0, 1),
(280, '2024-10-20 11:17:40', '2024-10-20 11:17:40', '2', 'CSC 0222', 'Architecture and Organization (Lec)', 2, 1, 1),
(281, '2024-10-20 11:17:40', '2024-10-20 11:17:40', '3', 'CSC 0222.1', 'Architecture and Organization (Lab)', 1, 2, 1),
(282, '2024-10-20 11:17:40', '2024-10-20 11:17:40', '4', 'ICC 0106', 'Applications Development and Emerging Technologies (Lec)', 2, 3, 1),
(283, '2024-10-20 11:17:40', '2024-10-20 11:17:40', '5', 'ICC 0106.1', 'Applications Development and Emerging Technologies (Lab)', 1, 4, 0),
(284, '2024-10-20 11:17:40', '2024-10-20 11:17:40', '6', 'CSC 0316', 'Information Assurance Security', 3, 5, 0),
(285, '2024-10-20 11:17:40', '2024-10-20 11:17:40', '7', 'CBM 0016', 'The Entrepreneural Mind', 3, 6, 0),
(286, '2024-10-20 11:17:40', '2024-10-20 11:17:40', '8', 'GES 0013', 'Environmental Science', 3, 7, 0),
(287, '2024-10-20 11:17:40', '2024-10-20 11:17:40', '9', 'AAP 0007', 'Art Appreciation', 3, 8, 0),
(288, '2024-10-20 11:17:40', '2024-10-20 11:17:40', '-', 'PATHFIT 4', 'PE Elective (12, 13, or 14)', 2, 9, 1),
(289, '2024-10-20 11:17:40', '2024-10-20 11:17:40', '1', 'CSC 0311', 'Automata Theory and Formal Language', 3, 0, 1),
(290, '2024-10-20 11:17:40', '2024-10-20 11:17:40', '2', 'CSC 0312', 'Programming Languages (Lecture)', 2, 1, 0),
(291, '2024-10-20 11:17:40', '2024-10-20 11:17:40', '4', 'CSC 0312.1', 'Programming Languages (Laboratory)', 1, 2, 0),
(292, '2024-10-20 11:17:40', '2024-10-20 11:17:40', '5', 'CSC 0313', 'Software Engineering (Lecture)', 2, 3, 1),
(293, '2024-10-20 11:17:40', '2024-10-20 11:17:40', '6', 'CSC 0313.1', 'Software Engineering (Laboratory)', 1, 4, 1),
(294, '2024-10-20 11:17:40', '2024-10-20 11:17:40', '7', 'CSC 0314', 'Operating System (Lecture)', 2, 5, 1),
(295, '2024-10-20 11:17:40', '2024-10-20 11:17:40', '8', 'CSC 0314.1', 'Operating System (Laboratory)', 1, 6, 0),
(296, '2024-10-20 11:17:41', '2024-10-20 11:17:41', '9', 'CSC 0315', 'Intelligent System (Lecture)', 2, 7, 0),
(297, '2024-10-20 11:17:41', '2024-10-20 11:17:41', '10', 'CSC 0315.1', 'Intelligent System (Laboratory)', 1, 8, 0),
(298, '2024-10-20 11:17:41', '2024-10-20 11:17:41', '1', 'CSC 0321.1', 'Software Engineering 2 (Laboratory)', 1, 0, 1),
(299, '2024-10-20 11:17:41', '2024-10-20 11:17:41', '2', 'CSC 0322', 'Compiler Design (Lecture)', 2, 1, 1),
(300, '2024-10-20 11:17:41', '2024-10-20 11:17:41', '3', 'CSC 0322.1', 'Compiler Design (Laboratory)', 1, 2, 1),
(301, '2024-10-20 11:17:41', '2024-10-20 11:17:41', '4', 'CSC 0323', 'Computational Science (Lecture)', 2, 3, 1),
(302, '2024-10-20 11:17:41', '2024-10-20 11:17:41', '5', 'CSC 0323.1', 'Computational Science (Laboratory)', 1, 4, 0),
(303, '2024-10-20 11:17:41', '2024-10-20 11:17:41', '6', 'CSC 0324', 'CS Elective 1 (Lecture)', 2, 5, 1),
(304, '2024-10-20 11:17:41', '2024-10-20 11:17:41', '7', 'CSC 0324.1', 'CS Elective 1 (Laboratory)', 1, 6, 0),
(305, '2024-10-20 11:17:41', '2024-10-20 11:17:41', '8', 'CSC 0325', 'Research Writing', 3, 7, 0),
(306, '2024-10-20 11:17:41', '2024-10-20 11:17:41', '1', 'CSC 0411', 'CS Thesis Writing 1', 3, 0, 1),
(307, '2024-10-20 11:17:41', '2024-10-20 11:17:41', '2', 'CSC 0412', 'Networking and Communication (Lecture)', 2, 1, 1),
(308, '2024-10-20 11:17:41', '2024-10-20 11:17:41', '3', 'CSCS 0412.1', 'Networking and Communication (Laboratory)', 1, 2, 0),
(309, '2024-10-20 11:17:41', '2024-10-20 11:17:41', '4', 'CSC 0413', 'CS Elective 2 (Lecture)', 2, 3, 0),
(310, '2024-10-20 11:17:41', '2024-10-20 11:17:41', '5', 'CSC 0413.1', 'CS Elective 2 (Laboratory)', 1, 4, 0),
(311, '2024-10-20 11:17:41', '2024-10-20 11:17:41', '6', 'CSC 0414', 'CS Elective 3 (Lecture)', 2, 5, 0),
(312, '2024-10-20 11:17:41', '2024-10-20 11:17:41', '7', 'CSC 0414.1', 'CS Elective 3 (Laboratory)', 1, 6, 0),
(313, '2024-10-20 11:17:41', '2024-10-20 11:17:41', '1', 'CSC 0421', 'CS These Writing 2', 3, 0, 1),
(314, '2024-10-20 11:17:41', '2024-10-20 11:17:41', '2', 'CSC 0422', 'Paralled and Distributing Computing (Lecture)', 2, 1, 1),
(315, '2024-10-20 11:17:42', '2024-10-20 11:17:42', '3', 'CSC 0422.1', 'Paralled and Distributing Computing (Laboratory)', 1, 2, 1),
(316, '2024-10-20 11:17:42', '2024-10-20 11:17:42', '4', 'CSC 0423', 'Social Issues and Professional Practice', 3, 3, 0),
(317, '2024-10-20 11:17:42', '2024-10-20 11:17:42', '5', 'CSC 0424', 'Graphic and Visual Computing (Lecture)', 2, 4, 0),
(318, '2024-10-20 11:17:42', '2024-10-20 11:17:42', '6', 'CSC 0424.1', 'Graphic and Visual Computing (Laboratory)', 1, 5, 0),
(319, '2024-10-21 16:15:28', '2024-10-21 16:15:28', '1', 'NRS 1101', 'Theoretical foundations of Nursing', 3, 0, 1),
(320, '2024-10-21 16:15:29', '2024-10-21 16:15:29', '2', 'NRS 1102', 'Anatomy and Physical (Lecture)', 3, 1, 1),
(321, '2024-10-21 16:15:29', '2024-10-21 16:15:29', '3', 'NRS 1102.1', 'Anatomy and Physiology (Laboratory)', 2, 2, 1),
(322, '2024-10-21 16:15:29', '2024-10-21 16:15:29', '4', 'AAP 0007', 'Art Appreciation', 3, 3, 0),
(323, '2024-10-21 16:15:29', '2024-10-21 16:15:29', '6', 'RPH 0004', 'Readings in Philippine History', 3, 5, 0),
(324, '2024-10-21 16:15:29', '2024-10-21 16:15:29', '8', 'UTS 0003', 'Understanding the Self', 3, 7, 0),
(325, '2024-10-21 16:15:29', '2024-10-21 16:15:29', '9', 'CHEM 119', 'Biochemistry (Lecture)', 3, 8, 1),
(326, '2024-10-21 16:15:29', '2024-10-21 16:15:29', '10', 'CHEM 119.1', 'Biochemistry (Laboratory)', 2, 9, 1),
(327, '2024-10-21 16:15:29', '2024-10-21 16:15:29', '11', 'PATHFIT 1', 'Physical Activities Towards Health and Fitness 1 (Movement Competency Training)', 2, 10, 0),
(328, '2024-10-21 16:15:29', '2024-10-21 16:15:29', '1', 'NRS 1203', 'Health Assessment', 5, 0, 1),
(329, '2024-10-21 16:15:29', '2024-10-21 16:15:29', '2', 'NRS 1204', 'Basic Concepts in Nursing', 5, 1, 1),
(330, '2024-10-21 16:15:29', '2024-10-21 16:15:29', '3', 'NRS 1205', 'Microbiology and Parasitology (Lecture)', 3, 2, 1),
(331, '2024-10-21 16:15:29', '2024-10-21 16:15:29', '4', 'NRS 1205.1', 'Microbiology and Parasitology (Laboratory)', 1, 3, 1),
(332, '2024-10-21 16:15:29', '2024-10-21 16:15:29', '5', 'NRS 1206', 'Values and Professional Ethics', 3, 4, 1),
(333, '2024-10-21 16:15:29', '2024-10-21 16:15:29', '6', 'ITE 0001', 'Living in the IT Era', 3, 5, 0),
(334, '2024-10-21 16:15:29', '2024-10-21 16:15:29', '7', 'PCM 0005', 'Purposive Communication', 3, 6, 0),
(335, '2024-10-21 16:15:30', '2024-10-21 16:15:30', '8', 'PED 0033', 'Physical Education 2 (Self Defense)', 2, 7, 1),
(336, '2024-10-21 16:15:30', '2024-10-21 16:15:30', '1', 'NRS 2110', 'Maternal and Child Nursing 1', 9, 0, 1),
(337, '2024-10-21 16:15:30', '2024-10-21 16:15:30', '2', 'NRS 2107', 'Community Health Nursing 1', 4, 1, 1),
(338, '2024-10-21 16:15:30', '2024-10-21 16:15:30', '3', 'NRS 2109', 'Pharmacology', 3, 2, 1),
(339, '2024-10-21 16:15:30', '2024-10-21 16:15:30', '4', 'NRS 2108', 'Nutrition and Diet Therapy (Lecture)', 2, 3, 1),
(340, '2024-10-21 16:15:30', '2024-10-21 16:15:30', '5', 'NRS 2108.1', 'Nutrition and Diet Therapy (Laboratory)', 1, 4, 1),
(341, '2024-10-21 16:15:30', '2024-10-21 16:15:30', '6', 'FIL 0012', 'Interdisiplinaryong Pagbasa at Pagsulat sa mga Diskurso ng Pagpapahayag', 3, 5, 0),
(342, '2024-10-21 16:15:30', '2024-10-21 16:15:30', '7', 'PED 0083', 'Physical Education 3 (Swimming)', 2, 6, 1),
(343, '2024-10-21 16:15:30', '2024-10-21 16:15:30', '8', 'NSTP 1', 'National Service Training Program', 3, 7, 0),
(344, '2024-10-21 16:15:30', '2024-10-21 16:15:30', '1', 'NRS 2211', 'Maternal and Child Nursing 2', 12, 0, 1),
(345, '2024-10-21 16:15:30', '2024-10-21 16:15:30', '2', 'NRS 2212', 'Community Health Nursing 2', 3, 1, 1),
(346, '2024-10-21 16:15:30', '2024-10-21 16:15:30', '3', 'STS 0002', 'Science, Technology, and Society', 3, 2, 1),
(347, '2024-10-21 16:15:30', '2024-10-21 16:15:30', '5', 'PED 0004', 'Physical Education 4 (Team Sports)', 2, 4, 1),
(348, '2024-10-21 16:15:30', '2024-10-21 16:15:30', '6', 'NSTP 2', 'National Service Training Program', 3, 5, 0),
(349, '2024-10-21 16:15:30', '2024-10-21 16:15:30', '1', 'NRS 3113', 'Medical-Surgical Nursing 1', 14, 0, 1),
(350, '2024-10-21 16:15:30', '2024-10-21 16:15:30', '2', 'NRS 3114', 'Care of the Chronically Ill and the Elderly', 3, 1, 1),
(351, '2024-10-21 16:15:30', '2024-10-21 16:15:30', '3', 'NRS 3115', 'Nursing Informatics (Lecture)', 2, 2, 1),
(352, '2024-10-21 16:15:31', '2024-10-21 16:15:31', '4', 'NRS 3115.1', 'Nursing Informatics (Laboratory)', 1, 3, 1),
(353, '2024-10-21 16:15:31', '2024-10-21 16:15:31', '5', 'LWR 0009', 'Life, Works and Writings of Rizal', 3, 4, 0),
(354, '2024-10-21 16:15:31', '2024-10-21 16:15:31', '6', 'CBM 0016', 'The Entrepreneurial Mind', 3, 5, 0),
(355, '2024-10-21 16:15:31', '2024-10-21 16:15:31', '1', 'NRS 3217', 'Medical-Surgical Nursing 2', 9, 0, 1),
(356, '2024-10-21 16:15:31', '2024-10-21 16:15:31', '2', 'NRS 3218', 'Psychiatric Nursing', 8, 1, 1),
(357, '2024-10-21 16:15:31', '2024-10-21 16:15:31', '3', 'NRS 3216', 'Nursing Research 1', 3, 2, 1),
(358, '2024-10-21 16:15:31', '2024-10-21 16:15:31', '4', 'PHILO 13', 'Logic and Critical Thinking', 3, 3, 0),
(359, '2024-10-21 16:15:31', '2024-10-21 16:15:31', '5', 'PPC 122', 'Philippine Popular Culture', 3, 4, 0),
(360, '2024-10-21 16:15:31', '2024-10-21 16:15:31', '1', 'NRS 4119', 'Intensive Care Nursing', 9, 0, 1),
(361, '2024-10-21 16:15:31', '2024-10-21 16:15:31', '2', 'NRS 4120', 'Decent Work Employment and Transcultural Nursing', 3, 1, 1),
(362, '2024-10-21 16:15:31', '2024-10-21 16:15:31', '3', 'NRS 4121', 'Clinical Teaching', 3, 2, 1),
(363, '2024-10-21 16:15:31', '2024-10-21 16:15:31', '4', 'NRS 4122', 'Nursing Research 2', 2, 3, 1),
(364, '2024-10-21 16:15:31', '2024-10-21 16:15:31', '1', 'NRS 4226', 'Nursing Leadership and Management', 7, 0, 2),
(365, '2024-10-21 16:15:31', '2024-10-21 16:15:31', '2', 'NRS 4225', 'Community Immersion Program', 6, 1, 2),
(366, '2024-10-21 16:15:31', '2024-10-21 16:15:31', '3', 'NRS 4223', 'Disaster Nursing', 3, 2, 1),
(367, '2024-10-21 16:15:31', '2024-10-21 16:15:31', '4', 'NRS 4224', 'Intensive Nursing Practicum', 2, 3, 2),
(368, '2024-10-21 17:26:12', '2024-10-21 17:26:12', '1', 'UTS0003', 'Understanding Self', 3, 0, 0),
(369, '2024-10-21 17:26:12', '2024-10-21 17:26:12', '2', 'RPH0004', 'Readings in Philippine History', 3, 1, 0),
(370, '2024-10-21 17:26:13', '2024-10-21 17:26:13', '3', 'STS0002', 'Science, Technology and Society', 3, 2, 0),
(371, '2024-10-21 17:26:13', '2024-10-21 17:26:13', '4', 'PCM0006', 'Purposive Communication', 3, 3, 0),
(372, '2024-10-21 17:26:13', '2024-10-21 17:26:13', '5', 'IPP 0010', 'University Mandated Filipino', 3, 4, 0),
(373, '2024-10-21 17:26:13', '2024-10-21 17:26:13', '6', 'GES0013', 'Environmental Science', 3, 5, 0),
(374, '2024-10-21 17:26:13', '2024-10-21 17:26:13', '7', 'FAN1101', 'Fundamentals of Anatomy (Lecture)', 3, 6, 0),
(375, '2024-10-21 17:26:13', '2024-10-21 17:26:13', '8', 'FAN1101.1', 'Fundamentals of Anatomy (Laboratory)', 1, 7, 0),
(376, '2024-10-21 17:26:13', '2024-10-21 17:26:13', '9', 'OPT1102', 'Physiology (Lecture)', 3, 8, 0),
(377, '2024-10-21 17:26:13', '2024-10-21 17:26:13', '10', 'OPT1102.1', 'Physiology (Laboratory)', 1, 9, 0),
(378, '2024-10-21 17:26:13', '2024-10-21 17:26:13', '11', 'PE11', 'PE', 2, 10, 0),
(379, '2024-10-21 17:26:13', '2024-10-21 17:26:13', '12', 'NSTP1', 'NSTP', 3, 11, 0),
(380, '2024-10-21 17:26:13', '2024-10-21 17:26:13', '1', 'MMW0001', 'Mathematics in the Modern World', 3, 0, 0),
(381, '2024-10-21 17:26:13', '2024-10-21 17:26:13', '2', 'TCW0005', 'Contemporary World', 3, 1, 0),
(382, '2024-10-21 17:26:13', '2024-10-21 17:26:13', '3', 'AAP0007', 'Art Appreciation', 3, 2, 0),
(383, '2024-10-21 17:26:13', '2024-10-21 17:26:13', '4', 'LWR0009', 'Mandated Course (Rizal)', 3, 3, 0),
(384, '2024-10-21 17:26:13', '2024-10-21 17:26:13', '5', 'ETH0008', 'Ethics', 3, 4, 0),
(385, '2024-10-21 17:26:13', '2024-10-21 17:26:13', '6', 'CBM0016', 'Entrepreneurial Mind', 3, 5, 0),
(386, '2024-10-21 17:26:13', '2024-10-21 17:26:13', '7', 'HAN1201', 'Human Anatomy (lecture)', 3, 6, 1),
(387, '2024-10-21 17:26:13', '2024-10-21 17:26:13', '8', 'HAN1201.1', 'Human Anatomy (laboratory)', 1, 7, 1),
(388, '2024-10-21 17:26:14', '2024-10-21 17:26:14', '9', 'OPT1201', 'Introduction to Physical Therapy and Patient Care (lec)', 3, 8, 1),
(389, '2024-10-21 17:26:14', '2024-10-21 17:26:14', '10', 'OPT1201.1', 'Introduction to Physical Therapy and Patient Care (lab)', 1, 9, 1),
(390, '2024-10-21 17:26:14', '2024-10-21 17:26:14', '11', 'PE12', 'PE', 2, 10, 1),
(391, '2024-10-21 17:26:14', '2024-10-21 17:26:14', '12', 'NSTP2', 'NSTP 2', 3, 11, 1),
(392, '2024-10-21 17:26:14', '2024-10-21 17:26:14', '1', 'OCH1301', 'Organic Chemistry (lecture)', 3, 0, 0),
(393, '2024-10-21 17:26:14', '2024-10-21 17:26:14', '2', 'OCH1301.1', 'Organic Chemistry (laboratory)', 1, 1, 0),
(394, '2024-10-21 17:26:14', '2024-10-21 17:26:14', '3', 'APH1302', 'Applied Physics (lecture)', 2, 2, 0),
(395, '2024-10-21 17:26:14', '2024-10-21 17:26:14', '4', 'APH1302.1', 'Applied Physics (laboratory)', 1, 3, 0),
(396, '2024-10-21 17:26:14', '2024-10-21 17:26:14', '1', 'MSC2101', 'Movement Science (lecture)', 3, 0, 1),
(397, '2024-10-21 17:26:14', '2024-10-21 17:26:14', '2', 'MSC2101.1', 'Movement Science (laboratory)', 1, 1, 1),
(398, '2024-10-21 17:26:14', '2024-10-21 17:26:14', '3', 'OPT2103', 'Principles of PT Evaluation (lec)', 2, 2, 1),
(399, '2024-10-21 17:26:14', '2024-10-21 17:26:14', '4', 'OPT2103.1', 'Principles of PT Evaluation (lab)', 1, 3, 1),
(400, '2024-10-21 17:26:14', '2024-10-21 17:26:14', '5', 'LDV2104', 'Lifespan Development', 3, 4, 1),
(401, '2024-10-21 17:26:14', '2024-10-21 17:26:14', '6', 'OPT2203', 'Physical Agents and Electrotherapy (Lecture)', 2, 5, 1),
(402, '2024-10-21 17:26:14', '2024-10-21 17:26:14', '7', 'OPT2203.1', 'Physical Agents and Electrotherapy (Laboratory)', 1, 6, 1),
(403, '2024-10-21 17:26:14', '2024-10-21 17:26:14', '8', 'OPT2106', 'Basic Pathology, Metabolic conditions and neglected tropical diseases', 3, 7, 1),
(404, '2024-10-21 17:26:14', '2024-10-21 17:26:14', '9', 'OPT2107', 'Wellness and Health Promotion (lec)', 3, 8, 1),
(405, '2024-10-21 17:26:14', '2024-10-21 17:26:14', '10', 'OPT2107.1', 'Wellness and Health Promotion (lab)', 1, 9, 1),
(406, '2024-10-21 17:26:14', '2024-10-21 17:26:14', '11', 'RRE 113', 'Religion, Religious Experience and Spirituality', 3, 10, 0),
(407, '2024-10-21 17:26:15', '2024-10-21 17:26:15', '12', 'PE13', 'PE', 2, 11, 1),
(408, '2024-10-21 17:26:15', '2024-10-21 17:26:15', '1', 'ORT2201', 'Orthopedic PT 1 (lec)', 2, 0, 1),
(409, '2024-10-21 17:26:15', '2024-10-21 17:26:15', '2', 'ORT2201.1', 'Orthopedic PT 1 (lab)', 1, 1, 1),
(410, '2024-10-21 17:26:15', '2024-10-21 17:26:15', '3', 'NEU2202', 'Neuroscience (Lecture)', 2, 2, 1),
(411, '2024-10-21 17:26:15', '2024-10-21 17:26:15', '4', 'NEU2202.1', 'Neuroscience (Laboratory)', 1, 3, 1),
(412, '2024-10-21 17:26:15', '2024-10-21 17:26:15', '5', 'EDT2203', 'Educational Theory and Practices (Lecture)', 2, 4, 1),
(413, '2024-10-21 17:26:15', '2024-10-21 17:26:15', '6', 'EDT2203.1', 'Educational Theory and Practices (Laboratory)', 1, 5, 1),
(414, '2024-10-21 17:26:15', '2024-10-21 17:26:15', '7', 'OPT2204', 'Assistive Technologies (lec)', 2, 6, 1),
(415, '2024-10-21 17:26:15', '2024-10-21 17:26:15', '8', 'OPT2204.1', 'Assistive Technologies (lab)', 1, 7, 1),
(416, '2024-10-21 17:26:15', '2024-10-21 17:26:15', '9', 'OPT2205', 'Integumentary PT (lec)', 2, 8, 1),
(417, '2024-10-21 17:26:15', '2024-10-21 17:26:15', '10', 'OPT2205.1', 'Integumentary PT (lab)', 1, 9, 1),
(418, '2024-10-21 17:26:15', '2024-10-21 17:26:15', '11', 'OPT2206', 'Introduction to Research and Evidence-based Practice', 3, 10, 2),
(419, '2024-10-21 17:26:15', '2024-10-21 17:26:15', '12', 'OPT2207', 'Pharmacology in Rehabilitation', 3, 11, 1),
(420, '2024-10-21 17:26:15', '2024-10-21 17:26:15', '13', 'PE14', 'PE', 2, 12, 1),
(421, '2024-10-21 17:26:15', '2024-10-21 17:26:15', '1', 'OPT3105', 'Community-based Rehabilitation (lec)', 2, 0, 0),
(422, '2024-10-21 17:26:15', '2024-10-21 17:26:15', '2', 'OPT3105.1', 'Community-based Rehabilitation (lab)', 1, 1, 0),
(423, '2024-10-21 17:26:15', '2024-10-21 17:26:15', '3', 'PHD2301', 'Psychosocial aspects of health, disability, and physical therapy', 3, 2, 1),
(424, '2024-10-21 17:26:15', '2024-10-21 17:26:15', '1', 'ORT3101', 'Orthopedic PT 2 (lec)', 2, 0, 1),
(425, '2024-10-21 17:26:16', '2024-10-21 17:26:16', '2', 'ORT3101.1', 'Orthopedic PT 2 (lab)', 1, 1, 1),
(426, '2024-10-21 17:26:16', '2024-10-21 17:26:16', '3', 'NEU3102', 'Neurologic PT 1 (lec)', 3, 2, 1),
(427, '2024-10-21 17:26:16', '2024-10-21 17:26:16', '4', 'NEU3102.1', 'Neurologic PT 1 (lab)', 2, 3, 1),
(428, '2024-10-21 17:26:16', '2024-10-21 17:26:16', '5', 'SWD3103', 'Scientific Writing, Investigation, and Data Analysis (Laboratory)', 1, 4, 1),
(429, '2024-10-21 17:26:16', '2024-10-21 17:26:16', '6', 'OPT3104', 'Cardiopulmonary PT (lec)', 2, 5, 1),
(430, '2024-10-21 17:26:16', '2024-10-21 17:26:16', '7', 'OPT3104.1', 'Cardiopulmonary PT (lab)', 1, 6, 1),
(431, '2024-10-21 17:26:16', '2024-10-21 17:26:16', '8', 'OPT3106', 'Fundamentals of Diagnostic Imaging and Electrodiagnosis (lec)', 2, 7, 1),
(432, '2024-10-21 17:26:16', '2024-10-21 17:26:16', '9', 'OPT3106.1', 'Fundamentals of Diagnostic Imaging and Electrodiagnosis (lab)', 1, 8, 1),
(433, '2024-10-21 17:26:16', '2024-10-21 17:26:16', '10', 'OPT3107.1', 'Clinical Correlation 1 (lab)', 1, 9, 1),
(434, '2024-10-21 17:26:16', '2024-10-21 17:26:16', '11', 'PEC3104', 'Professional Ethics and Cultural Competency', 3, 10, 0),
(435, '2024-10-21 17:26:16', '2024-10-21 17:26:16', '12', 'OPT3208', 'Fundamentals of Health Informatics (Lecture)', 3, 11, 0),
(436, '2024-10-21 17:26:16', '2024-10-21 17:26:16', '1', 'OPT3201', 'Pediatric PT (lec)', 2, 0, 1),
(437, '2024-10-21 17:26:16', '2024-10-21 17:26:16', '2', 'OPT3201.1', 'Pediatric PT (lab)', 1, 1, 1),
(438, '2024-10-21 17:26:16', '2024-10-21 17:26:16', '3', 'OPT3202', 'Geriatric PT (lec)', 2, 2, 1),
(439, '2024-10-21 17:26:16', '2024-10-21 17:26:16', '4', 'OPT3202.1', 'Geriatric PT (lab)', 1, 3, 1),
(440, '2024-10-21 17:26:16', '2024-10-21 17:26:16', '5', 'OPT3203', 'Neurologic PT 2 (lec)', 2, 4, 1),
(441, '2024-10-21 17:26:16', '2024-10-21 17:26:16', '6', 'OPT3203.1', 'Neurologic PT 2 (lab)', 1, 5, 1),
(442, '2024-10-21 17:26:16', '2024-10-21 17:26:16', '7', 'OPT3204', 'Industrial Rehabilitation', 3, 6, 1),
(443, '2024-10-21 17:26:16', '2024-10-21 17:26:16', '8', 'OPT3205.1', 'Clinical Correlation 2 (lab)', 1, 7, 1),
(444, '2024-10-21 17:26:17', '2024-10-21 17:26:17', '9', 'RPD3201', 'Research Presentation and Defense (Laboratory)', 2, 8, 1),
(445, '2024-10-21 17:26:17', '2024-10-21 17:26:17', '10', 'PPM3202', 'Physical Therapy policy and management', 3, 9, 1),
(446, '2024-10-21 17:26:17', '2024-10-21 17:26:17', '11', 'SRD3203', 'Screening, Referral and Differential Diagnosis', 3, 10, 1),
(447, '2024-10-21 17:26:17', '2024-10-21 17:26:17', '1', 'OPT4101.1', 'Internship', 6, 0, 2),
(448, '2024-10-21 17:26:17', '2024-10-21 17:26:17', '1', 'OPT4101.1', 'Internship (lab)', 12, 0, 0),
(449, '2024-10-21 17:26:17', '2024-10-21 17:26:17', '2', 'OPT4102', 'Academic Rotation 1 (Musculoskeletal, Cardiopulmonary, and Integumentary Integration)', 3, 1, 2),
(450, '2024-10-21 17:26:17', '2024-10-21 17:26:17', '2', 'OPT4202', 'Academic Rotation 2 (Neurologic, Pediatric and Geriatric Integration)', 3, 1, 1);

-- --------------------------------------------------------

--
-- Table structure for table `subjectmetaprereqs`
--

CREATE TABLE `subjectmetaprereqs` (
  `id` int(11) NOT NULL,
  `timeCreated` datetime DEFAULT current_timestamp(),
  `timeUpdated` datetime DEFAULT current_timestamp() ON UPDATE current_timestamp(),
  `subjectId` int(11) NOT NULL,
  `subjectPreRequisiteId` int(11) NOT NULL
) ENGINE=InnoDB DEFAULT CHARSET=utf8mb4 COLLATE=utf8mb4_general_ci;

--
-- Dumping data for table `subjectmetaprereqs`
--

INSERT INTO `subjectmetaprereqs` (`id`, `timeCreated`, `timeUpdated`, `subjectId`, `subjectPreRequisiteId`) VALUES
(1, '2024-10-20 08:14:35', '2024-10-20 08:14:35', 60, 51),
(2, '2024-10-20 08:14:35', '2024-10-20 08:14:35', 61, 51),
(3, '2024-10-20 08:14:35', '2024-10-20 08:14:35', 69, 58),
(4, '2024-10-20 08:14:36', '2024-10-20 08:14:36', 70, 59),
(5, '2024-10-20 08:14:36', '2024-10-20 08:14:36', 71, 60),
(6, '2024-10-20 08:14:36', '2024-10-20 08:14:36', 71, 61),
(7, '2024-10-20 08:14:36', '2024-10-20 08:14:36', 73, 63),
(8, '2024-10-20 08:14:36', '2024-10-20 08:14:36', 75, 64),
(9, '2024-10-20 08:14:36', '2024-10-20 08:14:36', 79, 69),
(10, '2024-10-20 08:14:36', '2024-10-20 08:14:36', 80, 63),
(11, '2024-10-20 08:14:36', '2024-10-20 08:14:36', 81, 60),
(12, '2024-10-20 08:14:36', '2024-10-20 08:14:36', 84, 71),
(13, '2024-10-20 08:14:36', '2024-10-20 08:14:36', 85, 52),
(14, '2024-10-20 08:14:36', '2024-10-20 08:14:36', 86, 71),
(15, '2024-10-20 08:14:36', '2024-10-20 08:14:36', 88, 79),
(16, '2024-10-20 08:14:36', '2024-10-20 08:14:36', 90, 73),
(17, '2024-10-20 08:14:36', '2024-10-20 08:14:36', 92, 73),
(18, '2024-10-20 08:14:36', '2024-10-20 08:14:36', 94, 86),
(19, '2024-10-20 08:14:36', '2024-10-20 08:14:36', 96, 61),
(20, '2024-10-20 08:14:36', '2024-10-20 08:14:36', 97, 61),
(21, '2024-10-20 08:14:36', '2024-10-20 08:14:36', 99, 63),
(22, '2024-10-20 08:14:36', '2024-10-20 08:14:36', 102, 84),
(23, '2024-10-20 08:14:36', '2024-10-20 08:14:36', 104, 94),
(24, '2024-10-20 08:14:36', '2024-10-20 08:14:36', 106, 90),
(25, '2024-10-20 08:14:36', '2024-10-20 08:14:36', 112, 85),
(26, '2024-10-20 08:14:36', '2024-10-20 08:14:36', 112, 86),
(27, '2024-10-20 08:14:36', '2024-10-20 08:14:36', 114, 99),
(28, '2024-10-20 08:14:37', '2024-10-20 08:14:37', 116, 94),
(29, '2024-10-20 08:14:37', '2024-10-20 08:14:37', 120, 110),
(30, '2024-10-20 08:14:37', '2024-10-20 08:14:37', 123, 86),
(31, '2024-10-20 08:31:05', '2024-10-20 08:31:05', 142, 132),
(32, '2024-10-20 08:31:06', '2024-10-20 08:31:06', 143, 133),
(33, '2024-10-20 08:31:06', '2024-10-20 08:31:06', 143, 134),
(34, '2024-10-20 08:31:06', '2024-10-20 08:31:06', 148, 133),
(35, '2024-10-20 08:31:06', '2024-10-20 08:31:06', 148, 134),
(36, '2024-10-20 08:31:06', '2024-10-20 08:31:06', 149, 133),
(37, '2024-10-20 08:31:06', '2024-10-20 08:31:06', 149, 134),
(38, '2024-10-20 08:31:06', '2024-10-20 08:31:06', 151, 140),
(39, '2024-10-20 08:31:06', '2024-10-20 08:31:06', 153, 133),
(40, '2024-10-20 08:31:06', '2024-10-20 08:31:06', 153, 134),
(41, '2024-10-20 08:31:06', '2024-10-20 08:31:06', 154, 133),
(42, '2024-10-20 08:31:06', '2024-10-20 08:31:06', 154, 134),
(43, '2024-10-20 08:31:06', '2024-10-20 08:31:06', 157, 153),
(44, '2024-10-20 08:31:06', '2024-10-20 08:31:06', 157, 154),
(45, '2024-10-20 08:31:06', '2024-10-20 08:31:06', 158, 153),
(46, '2024-10-20 08:31:06', '2024-10-20 08:31:06', 158, 154),
(47, '2024-10-20 08:31:06', '2024-10-20 08:31:06', 160, 153),
(48, '2024-10-20 08:31:06', '2024-10-20 08:31:06', 160, 154),
(49, '2024-10-20 08:31:06', '2024-10-20 08:31:06', 162, 153),
(50, '2024-10-20 08:31:06', '2024-10-20 08:31:06', 162, 154),
(51, '2024-10-20 08:31:06', '2024-10-20 08:31:06', 162, 148),
(52, '2024-10-20 08:31:06', '2024-10-20 08:31:06', 162, 149),
(53, '2024-10-20 08:31:07', '2024-10-20 08:31:07', 166, 153),
(54, '2024-10-20 08:31:07', '2024-10-20 08:31:07', 166, 154),
(55, '2024-10-20 08:31:07', '2024-10-20 08:31:07', 166, 160),
(56, '2024-10-20 08:31:07', '2024-10-20 08:31:07', 166, 161),
(57, '2024-10-20 08:31:07', '2024-10-20 08:31:07', 167, 160),
(58, '2024-10-20 08:31:07', '2024-10-20 08:31:07', 167, 161),
(59, '2024-10-20 08:31:07', '2024-10-20 08:31:07', 168, 162),
(60, '2024-10-20 08:31:07', '2024-10-20 08:31:07', 168, 163),
(61, '2024-10-20 08:31:07', '2024-10-20 08:31:07', 170, 157),
(62, '2024-10-20 08:31:07', '2024-10-20 08:31:07', 170, 158),
(63, '2024-10-20 08:31:07', '2024-10-20 08:31:07', 170, 160),
(64, '2024-10-20 08:31:07', '2024-10-20 08:31:07', 170, 161),
(65, '2024-10-20 08:31:07', '2024-10-20 08:31:07', 171, 160),
(66, '2024-10-20 08:31:07', '2024-10-20 08:31:07', 171, 161),
(67, '2024-10-20 08:31:07', '2024-10-20 08:31:07', 175, 157),
(68, '2024-10-20 08:31:07', '2024-10-20 08:31:07', 175, 158),
(69, '2024-10-20 08:31:07', '2024-10-20 08:31:07', 176, 170),
(70, '2024-10-20 08:31:07', '2024-10-20 08:31:07', 176, 171),
(71, '2024-10-20 08:31:07', '2024-10-20 08:31:07', 177, 168),
(72, '2024-10-20 08:31:07', '2024-10-20 08:31:07', 177, 169),
(73, '2024-10-20 08:31:07', '2024-10-20 08:31:07', 180, 178),
(74, '2024-10-20 08:31:08', '2024-10-20 08:31:08', 181, 143),
(75, '2024-10-20 08:31:08', '2024-10-20 08:31:08', 181, 144),
(76, '2024-10-20 08:31:08', '2024-10-20 08:31:08', 184, 180),
(77, '2024-10-20 08:45:44', '2024-10-20 08:45:44', 199, 139),
(78, '2024-10-20 08:45:44', '2024-10-20 08:45:44', 206, 195),
(79, '2024-10-20 08:45:44', '2024-10-20 08:45:44', 208, 195),
(80, '2024-10-20 08:45:44', '2024-10-20 08:45:44', 211, 198),
(81, '2024-10-20 08:45:44', '2024-10-20 08:45:44', 216, 197),
(82, '2024-10-20 08:45:44', '2024-10-20 08:45:44', 216, 210),
(83, '2024-10-20 08:45:44', '2024-10-20 08:45:44', 218, 195),
(84, '2024-10-20 08:45:44', '2024-10-20 08:45:44', 220, 195),
(85, '2024-10-20 08:45:44', '2024-10-20 08:45:44', 225, 216),
(86, '2024-10-20 08:45:44', '2024-10-20 08:45:44', 225, 220),
(87, '2024-10-20 08:45:44', '2024-10-20 08:45:44', 227, 206),
(88, '2024-10-20 08:45:44', '2024-10-20 08:45:44', 230, 208),
(89, '2024-10-20 08:45:44', '2024-10-20 08:45:44', 232, 220),
(90, '2024-10-20 08:45:44', '2024-10-20 08:45:44', 232, 206),
(91, '2024-10-20 08:45:44', '2024-10-20 08:45:44', 234, 225),
(92, '2024-10-20 08:45:44', '2024-10-20 08:45:44', 234, 208),
(93, '2024-10-20 08:45:44', '2024-10-20 08:45:44', 238, 234),
(94, '2024-10-20 08:45:44', '2024-10-20 08:45:44', 238, 199),
(95, '2024-10-20 08:45:44', '2024-10-20 08:45:44', 240, 234),
(96, '2024-10-20 08:45:44', '2024-10-20 08:45:44', 242, 236),
(97, '2024-10-20 08:45:44', '2024-10-20 08:45:44', 243, 19),
(98, '2024-10-20 08:45:44', '2024-10-20 08:45:44', 244, 243),
(99, '2024-10-20 08:45:44', '2024-10-20 08:45:44', 244, 240),
(100, '2024-10-20 08:45:44', '2024-10-20 08:45:44', 246, 238),
(101, '2024-10-20 08:45:44', '2024-10-20 08:45:44', 248, 242),
(102, '2024-10-20 11:17:42', '2024-10-20 11:17:42', 259, 252),
(103, '2024-10-20 11:17:42', '2024-10-20 11:17:42', 259, 253),
(104, '2024-10-20 11:17:42', '2024-10-20 11:17:42', 261, 252),
(105, '2024-10-20 11:17:42', '2024-10-20 11:17:42', 261, 253),
(106, '2024-10-20 11:17:42', '2024-10-20 11:17:42', 263, 252),
(107, '2024-10-20 11:17:42', '2024-10-20 11:17:42', 267, 257),
(108, '2024-10-20 11:17:42', '2024-10-20 11:17:42', 268, 258),
(109, '2024-10-20 11:17:42', '2024-10-20 11:17:42', 269, 263),
(110, '2024-10-20 11:17:42', '2024-10-20 11:17:42', 271, 259),
(111, '2024-10-20 11:17:42', '2024-10-20 11:17:42', 271, 260),
(112, '2024-10-20 11:17:42', '2024-10-20 11:17:42', 271, 261),
(113, '2024-10-20 11:17:42', '2024-10-20 11:17:42', 271, 262),
(114, '2024-10-20 11:17:42', '2024-10-20 11:17:42', 273, 263),
(115, '2024-10-20 11:17:42', '2024-10-20 11:17:42', 274, 261),
(116, '2024-10-20 11:17:42', '2024-10-20 11:17:42', 274, 262),
(117, '2024-10-20 11:17:42', '2024-10-20 11:17:42', 278, 267),
(118, '2024-10-20 11:17:42', '2024-10-20 11:17:42', 279, 271),
(119, '2024-10-20 11:17:42', '2024-10-20 11:17:42', 279, 272),
(120, '2024-10-20 11:17:43', '2024-10-20 11:17:43', 279, 261),
(121, '2024-10-20 11:17:43', '2024-10-20 11:17:43', 279, 262),
(122, '2024-10-20 11:17:43', '2024-10-20 11:17:43', 280, 269),
(123, '2024-10-20 11:17:43', '2024-10-20 11:17:43', 280, 270),
(124, '2024-10-20 11:17:43', '2024-10-20 11:17:43', 282, 271),
(125, '2024-10-20 11:17:43', '2024-10-20 11:17:43', 282, 272),
(126, '2024-10-20 11:17:43', '2024-10-20 11:17:43', 282, 274),
(127, '2024-10-20 11:17:43', '2024-10-20 11:17:43', 282, 275),
(128, '2024-10-20 11:17:43', '2024-10-20 11:17:43', 288, 278),
(129, '2024-10-20 11:17:43', '2024-10-20 11:17:43', 289, 263),
(130, '2024-10-20 11:17:43', '2024-10-20 11:17:43', 294, 280),
(131, '2024-10-20 11:17:43', '2024-10-20 11:17:43', 294, 281),
(132, '2024-10-20 11:17:43', '2024-10-20 11:17:43', 298, 292),
(133, '2024-10-20 11:17:43', '2024-10-20 11:17:43', 298, 293),
(134, '2024-10-20 11:17:43', '2024-10-20 11:17:43', 299, 292),
(135, '2024-10-20 11:17:43', '2024-10-20 11:17:43', 300, 289),
(136, '2024-10-20 11:17:43', '2024-10-20 11:17:43', 303, 301),
(137, '2024-10-20 11:17:43', '2024-10-20 11:17:43', 313, 306),
(138, '2024-10-20 11:17:43', '2024-10-20 11:17:43', 314, 307),
(139, '2024-10-20 11:17:43', '2024-10-20 11:17:43', 315, 307),
(140, '2024-10-21 16:15:32', '2024-10-21 16:15:32', 328, 319),
(141, '2024-10-21 16:15:32', '2024-10-21 16:15:32', 328, 320),
(142, '2024-10-21 16:15:32', '2024-10-21 16:15:32', 328, 321),
(143, '2024-10-21 16:15:32', '2024-10-21 16:15:32', 329, 319),
(144, '2024-10-21 16:15:32', '2024-10-21 16:15:32', 329, 320),
(145, '2024-10-21 16:15:32', '2024-10-21 16:15:32', 329, 321),
(146, '2024-10-21 16:15:32', '2024-10-21 16:15:32', 330, 319),
(147, '2024-10-21 16:15:32', '2024-10-21 16:15:32', 330, 320),
(148, '2024-10-21 16:15:32', '2024-10-21 16:15:32', 330, 321),
(149, '2024-10-21 16:15:32', '2024-10-21 16:15:32', 330, 325),
(150, '2024-10-21 16:15:32', '2024-10-21 16:15:32', 330, 326),
(151, '2024-10-21 16:15:32', '2024-10-21 16:15:32', 331, 319),
(152, '2024-10-21 16:15:32', '2024-10-21 16:15:32', 331, 320),
(153, '2024-10-21 16:15:32', '2024-10-21 16:15:32', 331, 321),
(154, '2024-10-21 16:15:32', '2024-10-21 16:15:32', 331, 325),
(155, '2024-10-21 16:15:32', '2024-10-21 16:15:32', 331, 326),
(156, '2024-10-21 16:15:32', '2024-10-21 16:15:32', 332, 319),
(157, '2024-10-21 16:15:32', '2024-10-21 16:15:32', 332, 19),
(158, '2024-10-21 16:15:32', '2024-10-21 16:15:32', 336, 328),
(159, '2024-10-21 16:15:32', '2024-10-21 16:15:32', 336, 329),
(160, '2024-10-21 16:15:32', '2024-10-21 16:15:32', 336, 330),
(161, '2024-10-21 16:15:32', '2024-10-21 16:15:32', 336, 331),
(162, '2024-10-21 16:15:33', '2024-10-21 16:15:33', 336, 332),
(163, '2024-10-21 16:15:33', '2024-10-21 16:15:33', 337, 328),
(164, '2024-10-21 16:15:33', '2024-10-21 16:15:33', 337, 329),
(165, '2024-10-21 16:15:33', '2024-10-21 16:15:33', 337, 330),
(166, '2024-10-21 16:15:33', '2024-10-21 16:15:33', 337, 331),
(167, '2024-10-21 16:15:33', '2024-10-21 16:15:33', 337, 332),
(168, '2024-10-21 16:15:33', '2024-10-21 16:15:33', 338, 328),
(169, '2024-10-21 16:15:33', '2024-10-21 16:15:33', 338, 329),
(170, '2024-10-21 16:15:33', '2024-10-21 16:15:33', 338, 330),
(171, '2024-10-21 16:15:33', '2024-10-21 16:15:33', 338, 331),
(172, '2024-10-21 16:15:33', '2024-10-21 16:15:33', 338, 332),
(173, '2024-10-21 16:15:33', '2024-10-21 16:15:33', 339, 328),
(174, '2024-10-21 16:15:33', '2024-10-21 16:15:33', 339, 329),
(175, '2024-10-21 16:15:33', '2024-10-21 16:15:33', 339, 330),
(176, '2024-10-21 16:15:33', '2024-10-21 16:15:33', 339, 331),
(177, '2024-10-21 16:15:33', '2024-10-21 16:15:33', 339, 332),
(178, '2024-10-21 16:15:33', '2024-10-21 16:15:33', 340, 328),
(179, '2024-10-21 16:15:33', '2024-10-21 16:15:33', 340, 329),
(180, '2024-10-21 16:15:33', '2024-10-21 16:15:33', 340, 330),
(181, '2024-10-21 16:15:33', '2024-10-21 16:15:33', 340, 331),
(182, '2024-10-21 16:15:33', '2024-10-21 16:15:33', 340, 332),
(183, '2024-10-21 16:15:33', '2024-10-21 16:15:33', 342, 335),
(184, '2024-10-21 16:15:34', '2024-10-21 16:15:34', 344, 337),
(185, '2024-10-21 16:15:34', '2024-10-21 16:15:34', 344, 339),
(186, '2024-10-21 16:15:34', '2024-10-21 16:15:34', 344, 340),
(187, '2024-10-21 16:15:34', '2024-10-21 16:15:34', 344, 338),
(188, '2024-10-21 16:15:34', '2024-10-21 16:15:34', 344, 336),
(189, '2024-10-21 16:15:34', '2024-10-21 16:15:34', 345, 337),
(190, '2024-10-21 16:15:34', '2024-10-21 16:15:34', 345, 339),
(191, '2024-10-21 16:15:34', '2024-10-21 16:15:34', 345, 340),
(192, '2024-10-21 16:15:34', '2024-10-21 16:15:34', 345, 338),
(193, '2024-10-21 16:15:34', '2024-10-21 16:15:34', 345, 336),
(194, '2024-10-21 16:15:34', '2024-10-21 16:15:34', 347, 335),
(195, '2024-10-21 16:15:34', '2024-10-21 16:15:34', 349, 344),
(196, '2024-10-21 16:15:34', '2024-10-21 16:15:34', 349, 345),
(197, '2024-10-21 16:15:34', '2024-10-21 16:15:34', 350, 344),
(198, '2024-10-21 16:15:34', '2024-10-21 16:15:34', 350, 345),
(199, '2024-10-21 16:15:34', '2024-10-21 16:15:34', 351, 328),
(200, '2024-10-21 16:15:34', '2024-10-21 16:15:34', 351, 329),
(201, '2024-10-21 16:15:34', '2024-10-21 16:15:34', 351, 130),
(202, '2024-10-21 16:15:34', '2024-10-21 16:15:34', 352, 328),
(203, '2024-10-21 16:15:34', '2024-10-21 16:15:34', 352, 329),
(204, '2024-10-21 16:15:34', '2024-10-21 16:15:34', 352, 130),
(205, '2024-10-21 16:15:34', '2024-10-21 16:15:34', 355, 349),
(206, '2024-10-21 16:15:34', '2024-10-21 16:15:34', 355, 350),
(207, '2024-10-21 16:15:35', '2024-10-21 16:15:35', 355, 351),
(208, '2024-10-21 16:15:35', '2024-10-21 16:15:35', 355, 352),
(209, '2024-10-21 16:15:35', '2024-10-21 16:15:35', 356, 349),
(210, '2024-10-21 16:15:35', '2024-10-21 16:15:35', 356, 350),
(211, '2024-10-21 16:15:35', '2024-10-21 16:15:35', 357, 349),
(212, '2024-10-21 16:15:35', '2024-10-21 16:15:35', 357, 350),
(213, '2024-10-21 16:15:35', '2024-10-21 16:15:35', 357, 351),
(214, '2024-10-21 16:15:35', '2024-10-21 16:15:35', 357, 352),
(215, '2024-10-21 16:15:35', '2024-10-21 16:15:35', 360, 357),
(216, '2024-10-21 16:15:35', '2024-10-21 16:15:35', 360, 355),
(217, '2024-10-21 16:15:35', '2024-10-21 16:15:35', 360, 356),
(218, '2024-10-21 16:15:35', '2024-10-21 16:15:35', 361, 357),
(219, '2024-10-21 16:15:35', '2024-10-21 16:15:35', 361, 355),
(220, '2024-10-21 16:15:35', '2024-10-21 16:15:35', 361, 356),
(221, '2024-10-21 16:15:35', '2024-10-21 16:15:35', 362, 357),
(222, '2024-10-21 16:15:35', '2024-10-21 16:15:35', 362, 355),
(223, '2024-10-21 16:15:35', '2024-10-21 16:15:35', 362, 356),
(224, '2024-10-21 16:15:35', '2024-10-21 16:15:35', 363, 357),
(225, '2024-10-21 16:15:35', '2024-10-21 16:15:35', 363, 355),
(226, '2024-10-21 16:15:35', '2024-10-21 16:15:35', 363, 356),
(227, '2024-10-21 16:15:35', '2024-10-21 16:15:35', 366, 360),
(228, '2024-10-21 16:15:35', '2024-10-21 16:15:35', 366, 362),
(229, '2024-10-21 16:15:35', '2024-10-21 16:15:35', 366, 363),
(230, '2024-10-21 17:26:17', '2024-10-21 17:26:17', 386, 374),
(231, '2024-10-21 17:26:17', '2024-10-21 17:26:17', 386, 375),
(232, '2024-10-21 17:26:17', '2024-10-21 17:26:17', 386, 376),
(233, '2024-10-21 17:26:17', '2024-10-21 17:26:17', 386, 377),
(234, '2024-10-21 17:26:17', '2024-10-21 17:26:17', 387, 374),
(235, '2024-10-21 17:26:17', '2024-10-21 17:26:17', 387, 375),
(236, '2024-10-21 17:26:17', '2024-10-21 17:26:17', 387, 376),
(237, '2024-10-21 17:26:17', '2024-10-21 17:26:17', 387, 377),
(238, '2024-10-21 17:26:17', '2024-10-21 17:26:17', 388, 374),
(239, '2024-10-21 17:26:17', '2024-10-21 17:26:17', 388, 375),
(240, '2024-10-21 17:26:17', '2024-10-21 17:26:17', 388, 376),
(241, '2024-10-21 17:26:18', '2024-10-21 17:26:18', 388, 377),
(242, '2024-10-21 17:26:18', '2024-10-21 17:26:18', 389, 374),
(243, '2024-10-21 17:26:18', '2024-10-21 17:26:18', 389, 375),
(244, '2024-10-21 17:26:18', '2024-10-21 17:26:18', 389, 376),
(245, '2024-10-21 17:26:18', '2024-10-21 17:26:18', 389, 377),
(246, '2024-10-21 17:26:18', '2024-10-21 17:26:18', 390, 378),
(247, '2024-10-21 17:26:18', '2024-10-21 17:26:18', 70, 379),
(248, '2024-10-21 17:26:18', '2024-10-21 17:26:18', 396, 386),
(249, '2024-10-21 17:26:18', '2024-10-21 17:26:18', 396, 387),
(250, '2024-10-21 17:26:18', '2024-10-21 17:26:18', 397, 386),
(251, '2024-10-21 17:26:18', '2024-10-21 17:26:18', 397, 387),
(252, '2024-10-21 17:26:18', '2024-10-21 17:26:18', 398, 386),
(253, '2024-10-21 17:26:18', '2024-10-21 17:26:18', 398, 387),
(254, '2024-10-21 17:26:18', '2024-10-21 17:26:18', 398, 388),
(255, '2024-10-21 17:26:18', '2024-10-21 17:26:18', 398, 389),
(256, '2024-10-21 17:26:18', '2024-10-21 17:26:18', 399, 386),
(257, '2024-10-21 17:26:18', '2024-10-21 17:26:18', 399, 387),
(258, '2024-10-21 17:26:18', '2024-10-21 17:26:18', 399, 388),
(259, '2024-10-21 17:26:18', '2024-10-21 17:26:18', 399, 389),
(260, '2024-10-21 17:26:18', '2024-10-21 17:26:18', 400, 386),
(261, '2024-10-21 17:26:18', '2024-10-21 17:26:18', 400, 387),
(262, '2024-10-21 17:26:18', '2024-10-21 17:26:18', 400, 388),
(263, '2024-10-21 17:26:18', '2024-10-21 17:26:18', 400, 389),
(264, '2024-10-21 17:26:19', '2024-10-21 17:26:19', 401, 386),
(265, '2024-10-21 17:26:19', '2024-10-21 17:26:19', 401, 387),
(266, '2024-10-21 17:26:19', '2024-10-21 17:26:19', 401, 388),
(267, '2024-10-21 17:26:19', '2024-10-21 17:26:19', 401, 389),
(268, '2024-10-21 17:26:19', '2024-10-21 17:26:19', 402, 386),
(269, '2024-10-21 17:26:19', '2024-10-21 17:26:19', 402, 387),
(270, '2024-10-21 17:26:19', '2024-10-21 17:26:19', 402, 388),
(271, '2024-10-21 17:26:19', '2024-10-21 17:26:19', 402, 389),
(272, '2024-10-21 17:26:19', '2024-10-21 17:26:19', 403, 388),
(273, '2024-10-21 17:26:19', '2024-10-21 17:26:19', 403, 389),
(274, '2024-10-21 17:26:19', '2024-10-21 17:26:19', 404, 386),
(275, '2024-10-21 17:26:19', '2024-10-21 17:26:19', 404, 387),
(276, '2024-10-21 17:26:19', '2024-10-21 17:26:19', 404, 388),
(277, '2024-10-21 17:26:19', '2024-10-21 17:26:19', 404, 389),
(278, '2024-10-21 17:26:19', '2024-10-21 17:26:19', 405, 386),
(279, '2024-10-21 17:26:19', '2024-10-21 17:26:19', 405, 387),
(280, '2024-10-21 17:26:19', '2024-10-21 17:26:19', 405, 388),
(281, '2024-10-21 17:26:19', '2024-10-21 17:26:19', 405, 389),
(282, '2024-10-21 17:26:19', '2024-10-21 17:26:19', 407, 390),
(283, '2024-10-21 17:26:19', '2024-10-21 17:26:19', 408, 396),
(284, '2024-10-21 17:26:19', '2024-10-21 17:26:19', 408, 397),
(285, '2024-10-21 17:26:19', '2024-10-21 17:26:19', 408, 398),
(286, '2024-10-21 17:26:19', '2024-10-21 17:26:19', 408, 399),
(287, '2024-10-21 17:26:20', '2024-10-21 17:26:20', 408, 401),
(288, '2024-10-21 17:26:20', '2024-10-21 17:26:20', 408, 402),
(289, '2024-10-21 17:26:20', '2024-10-21 17:26:20', 408, 403),
(290, '2024-10-21 17:26:20', '2024-10-21 17:26:20', 409, 396),
(291, '2024-10-21 17:26:20', '2024-10-21 17:26:20', 409, 397),
(292, '2024-10-21 17:26:20', '2024-10-21 17:26:20', 409, 398),
(293, '2024-10-21 17:26:20', '2024-10-21 17:26:20', 409, 399),
(294, '2024-10-21 17:26:20', '2024-10-21 17:26:20', 409, 401),
(295, '2024-10-21 17:26:20', '2024-10-21 17:26:20', 409, 402),
(296, '2024-10-21 17:26:20', '2024-10-21 17:26:20', 409, 403),
(297, '2024-10-21 17:26:20', '2024-10-21 17:26:20', 410, 396),
(298, '2024-10-21 17:26:20', '2024-10-21 17:26:20', 410, 397),
(299, '2024-10-21 17:26:20', '2024-10-21 17:26:20', 411, 396),
(300, '2024-10-21 17:26:20', '2024-10-21 17:26:20', 411, 397),
(301, '2024-10-21 17:26:20', '2024-10-21 17:26:20', 412, 404),
(302, '2024-10-21 17:26:20', '2024-10-21 17:26:20', 412, 405),
(303, '2024-10-21 17:26:20', '2024-10-21 17:26:20', 413, 404),
(304, '2024-10-21 17:26:20', '2024-10-21 17:26:20', 413, 405),
(305, '2024-10-21 17:26:20', '2024-10-21 17:26:20', 414, 396),
(306, '2024-10-21 17:26:20', '2024-10-21 17:26:20', 414, 397),
(307, '2024-10-21 17:26:20', '2024-10-21 17:26:20', 414, 398),
(308, '2024-10-21 17:26:20', '2024-10-21 17:26:20', 414, 399),
(309, '2024-10-21 17:26:20', '2024-10-21 17:26:20', 415, 396),
(310, '2024-10-21 17:26:21', '2024-10-21 17:26:21', 415, 397),
(311, '2024-10-21 17:26:21', '2024-10-21 17:26:21', 415, 398),
(312, '2024-10-21 17:26:21', '2024-10-21 17:26:21', 415, 399),
(313, '2024-10-21 17:26:21', '2024-10-21 17:26:21', 416, 396),
(314, '2024-10-21 17:26:21', '2024-10-21 17:26:21', 416, 397),
(315, '2024-10-21 17:26:21', '2024-10-21 17:26:21', 416, 403),
(316, '2024-10-21 17:26:21', '2024-10-21 17:26:21', 417, 396),
(317, '2024-10-21 17:26:21', '2024-10-21 17:26:21', 417, 397),
(318, '2024-10-21 17:26:21', '2024-10-21 17:26:21', 417, 403),
(319, '2024-10-21 17:26:21', '2024-10-21 17:26:21', 419, 403),
(320, '2024-10-21 17:26:21', '2024-10-21 17:26:21', 419, 404),
(321, '2024-10-21 17:26:21', '2024-10-21 17:26:21', 419, 405),
(322, '2024-10-21 17:26:21', '2024-10-21 17:26:21', 420, 407),
(323, '2024-10-21 17:26:21', '2024-10-21 17:26:21', 423, 410),
(324, '2024-10-21 17:26:21', '2024-10-21 17:26:21', 423, 411),
(325, '2024-10-21 17:26:21', '2024-10-21 17:26:21', 424, 414),
(326, '2024-10-21 17:26:21', '2024-10-21 17:26:21', 424, 415),
(327, '2024-10-21 17:26:21', '2024-10-21 17:26:21', 424, 419),
(328, '2024-10-21 17:26:21', '2024-10-21 17:26:21', 424, 408),
(329, '2024-10-21 17:26:21', '2024-10-21 17:26:21', 424, 409),
(330, '2024-10-21 17:26:21', '2024-10-21 17:26:21', 425, 414),
(331, '2024-10-21 17:26:21', '2024-10-21 17:26:21', 425, 415),
(332, '2024-10-21 17:26:21', '2024-10-21 17:26:21', 425, 419),
(333, '2024-10-21 17:26:21', '2024-10-21 17:26:21', 425, 408),
(334, '2024-10-21 17:26:22', '2024-10-21 17:26:22', 425, 409),
(335, '2024-10-21 17:26:22', '2024-10-21 17:26:22', 426, 410),
(336, '2024-10-21 17:26:22', '2024-10-21 17:26:22', 426, 411),
(337, '2024-10-21 17:26:22', '2024-10-21 17:26:22', 426, 414),
(338, '2024-10-21 17:26:22', '2024-10-21 17:26:22', 426, 415),
(339, '2024-10-21 17:26:22', '2024-10-21 17:26:22', 426, 418),
(340, '2024-10-21 17:26:22', '2024-10-21 17:26:22', 426, 419),
(341, '2024-10-21 17:26:22', '2024-10-21 17:26:22', 427, 410),
(342, '2024-10-21 17:26:22', '2024-10-21 17:26:22', 427, 411),
(343, '2024-10-21 17:26:22', '2024-10-21 17:26:22', 427, 414),
(344, '2024-10-21 17:26:22', '2024-10-21 17:26:22', 427, 415),
(345, '2024-10-21 17:26:22', '2024-10-21 17:26:22', 427, 418),
(346, '2024-10-21 17:26:22', '2024-10-21 17:26:22', 427, 419),
(347, '2024-10-21 17:26:22', '2024-10-21 17:26:22', 428, 418),
(348, '2024-10-21 17:26:22', '2024-10-21 17:26:22', 429, 419),
(349, '2024-10-21 17:26:22', '2024-10-21 17:26:22', 430, 419),
(350, '2024-10-21 17:26:22', '2024-10-21 17:26:22', 431, 410),
(351, '2024-10-21 17:26:22', '2024-10-21 17:26:22', 431, 411),
(352, '2024-10-21 17:26:22', '2024-10-21 17:26:22', 431, 419),
(353, '2024-10-21 17:26:22', '2024-10-21 17:26:22', 432, 410),
(354, '2024-10-21 17:26:22', '2024-10-21 17:26:22', 432, 411),
(355, '2024-10-21 17:26:22', '2024-10-21 17:26:22', 432, 419),
(356, '2024-10-21 17:26:22', '2024-10-21 17:26:22', 433, 416),
(357, '2024-10-21 17:26:23', '2024-10-21 17:26:23', 433, 417),
(358, '2024-10-21 17:26:23', '2024-10-21 17:26:23', 433, 419),
(359, '2024-10-21 17:26:23', '2024-10-21 17:26:23', 433, 408),
(360, '2024-10-21 17:26:23', '2024-10-21 17:26:23', 433, 409),
(361, '2024-10-21 17:26:23', '2024-10-21 17:26:23', 436, 424),
(362, '2024-10-21 17:26:23', '2024-10-21 17:26:23', 436, 425),
(363, '2024-10-21 17:26:23', '2024-10-21 17:26:23', 436, 426),
(364, '2024-10-21 17:26:23', '2024-10-21 17:26:23', 436, 427),
(365, '2024-10-21 17:26:23', '2024-10-21 17:26:23', 436, 429),
(366, '2024-10-21 17:26:23', '2024-10-21 17:26:23', 436, 430),
(367, '2024-10-21 17:26:23', '2024-10-21 17:26:23', 436, 431),
(368, '2024-10-21 17:26:23', '2024-10-21 17:26:23', 436, 432),
(369, '2024-10-21 17:26:23', '2024-10-21 17:26:23', 436, 434),
(370, '2024-10-21 17:26:23', '2024-10-21 17:26:23', 437, 424),
(371, '2024-10-21 17:26:23', '2024-10-21 17:26:23', 437, 425),
(372, '2024-10-21 17:26:23', '2024-10-21 17:26:23', 437, 426),
(373, '2024-10-21 17:26:23', '2024-10-21 17:26:23', 437, 427),
(374, '2024-10-21 17:26:23', '2024-10-21 17:26:23', 437, 429),
(375, '2024-10-21 17:26:23', '2024-10-21 17:26:23', 437, 430),
(376, '2024-10-21 17:26:23', '2024-10-21 17:26:23', 437, 431),
(377, '2024-10-21 17:26:23', '2024-10-21 17:26:23', 437, 432),
(378, '2024-10-21 17:26:23', '2024-10-21 17:26:23', 437, 434),
(379, '2024-10-21 17:26:23', '2024-10-21 17:26:23', 438, 424),
(380, '2024-10-21 17:26:23', '2024-10-21 17:26:23', 438, 425),
(381, '2024-10-21 17:26:24', '2024-10-21 17:26:24', 438, 426),
(382, '2024-10-21 17:26:24', '2024-10-21 17:26:24', 438, 427),
(383, '2024-10-21 17:26:24', '2024-10-21 17:26:24', 438, 429),
(384, '2024-10-21 17:26:24', '2024-10-21 17:26:24', 438, 430),
(385, '2024-10-21 17:26:24', '2024-10-21 17:26:24', 438, 431),
(386, '2024-10-21 17:26:24', '2024-10-21 17:26:24', 438, 432),
(387, '2024-10-21 17:26:24', '2024-10-21 17:26:24', 438, 434),
(388, '2024-10-21 17:26:24', '2024-10-21 17:26:24', 439, 424),
(389, '2024-10-21 17:26:24', '2024-10-21 17:26:24', 439, 425),
(390, '2024-10-21 17:26:24', '2024-10-21 17:26:24', 439, 426),
(391, '2024-10-21 17:26:24', '2024-10-21 17:26:24', 439, 427),
(392, '2024-10-21 17:26:24', '2024-10-21 17:26:24', 439, 429),
(393, '2024-10-21 17:26:24', '2024-10-21 17:26:24', 439, 430),
(394, '2024-10-21 17:26:24', '2024-10-21 17:26:24', 439, 431),
(395, '2024-10-21 17:26:24', '2024-10-21 17:26:24', 439, 432),
(396, '2024-10-21 17:26:24', '2024-10-21 17:26:24', 439, 434),
(397, '2024-10-21 17:26:24', '2024-10-21 17:26:24', 440, 424),
(398, '2024-10-21 17:26:24', '2024-10-21 17:26:24', 440, 425),
(399, '2024-10-21 17:26:24', '2024-10-21 17:26:24', 440, 426),
(400, '2024-10-21 17:26:24', '2024-10-21 17:26:24', 440, 427),
(401, '2024-10-21 17:26:24', '2024-10-21 17:26:24', 441, 431),
(402, '2024-10-21 17:26:24', '2024-10-21 17:26:24', 441, 432),
(403, '2024-10-21 17:26:24', '2024-10-21 17:26:24', 441, 426),
(404, '2024-10-21 17:26:24', '2024-10-21 17:26:24', 441, 427),
(405, '2024-10-21 17:26:24', '2024-10-21 17:26:24', 442, 424),
(406, '2024-10-21 17:26:25', '2024-10-21 17:26:25', 442, 425),
(407, '2024-10-21 17:26:25', '2024-10-21 17:26:25', 442, 426),
(408, '2024-10-21 17:26:25', '2024-10-21 17:26:25', 442, 427),
(409, '2024-10-21 17:26:25', '2024-10-21 17:26:25', 442, 429),
(410, '2024-10-21 17:26:25', '2024-10-21 17:26:25', 442, 430),
(411, '2024-10-21 17:26:25', '2024-10-21 17:26:25', 442, 434),
(412, '2024-10-21 17:26:25', '2024-10-21 17:26:25', 443, 424),
(413, '2024-10-21 17:26:25', '2024-10-21 17:26:25', 443, 425),
(414, '2024-10-21 17:26:25', '2024-10-21 17:26:25', 443, 426),
(415, '2024-10-21 17:26:25', '2024-10-21 17:26:25', 443, 427),
(416, '2024-10-21 17:26:25', '2024-10-21 17:26:25', 443, 429),
(417, '2024-10-21 17:26:25', '2024-10-21 17:26:25', 443, 430),
(418, '2024-10-21 17:26:25', '2024-10-21 17:26:25', 443, 431),
(419, '2024-10-21 17:26:25', '2024-10-21 17:26:25', 443, 432),
(420, '2024-10-21 17:26:25', '2024-10-21 17:26:25', 443, 433),
(421, '2024-10-21 17:26:25', '2024-10-21 17:26:25', 444, 428),
(422, '2024-10-21 17:26:25', '2024-10-21 17:26:25', 445, 434),
(423, '2024-10-21 17:26:25', '2024-10-21 17:26:25', 446, 431),
(424, '2024-10-21 17:26:25', '2024-10-21 17:26:25', 446, 432),
(425, '2024-10-21 17:26:25', '2024-10-21 17:26:25', 446, 433),
(426, '2024-10-21 17:26:25', '2024-10-21 17:26:25', 450, 449);

-- --------------------------------------------------------

--
-- Table structure for table `subjectmetaunit`
--

CREATE TABLE `subjectmetaunit` (
  `id` int(11) NOT NULL,
  `timeCreated` datetime DEFAULT current_timestamp(),
  `timeUpdated` datetime DEFAULT current_timestamp() ON UPDATE current_timestamp(),
  `subjectId` int(11) NOT NULL,
  `subjectUnitName` varchar(255) NOT NULL,
  `subjectUnitValue` int(11) NOT NULL
) ENGINE=InnoDB DEFAULT CHARSET=utf8mb4 COLLATE=utf8mb4_general_ci;

-- --------------------------------------------------------

--
-- Table structure for table `subjectrelations`
--

CREATE TABLE `subjectrelations` (
  `id` int(11) NOT NULL,
  `timeCreated` datetime DEFAULT current_timestamp(),
  `timeUpdated` datetime DEFAULT current_timestamp() ON UPDATE current_timestamp(),
  `academicYear` varchar(20) NOT NULL,
  `academicSemester` varchar(20) NOT NULL,
  `subjectId` int(11) NOT NULL,
  `schoolId` int(11) NOT NULL,
  `courseId` int(11) NOT NULL
) ENGINE=InnoDB DEFAULT CHARSET=utf8mb4 COLLATE=utf8mb4_general_ci;

--
-- Dumping data for table `subjectrelations`
--

INSERT INTO `subjectrelations` (`id`, `timeCreated`, `timeUpdated`, `academicYear`, `academicSemester`, `subjectId`, `schoolId`, `courseId`) VALUES
(1, '2024-10-19 16:40:36', '2024-10-19 16:40:36', '1', '1', 1, 1, 1),
(2, '2024-10-19 16:40:36', '2024-10-19 16:40:36', '1', '1', 2, 1, 1),
(3, '2024-10-19 16:40:36', '2024-10-19 16:40:36', '1', '1', 3, 1, 1),
(4, '2024-10-19 16:40:36', '2024-10-19 16:40:36', '1', '1', 4, 1, 1),
(5, '2024-10-19 16:40:36', '2024-10-19 16:40:36', '1', '1', 5, 1, 1),
(6, '2024-10-19 16:40:36', '2024-10-19 16:40:36', '1', '1', 6, 1, 1),
(7, '2024-10-19 16:40:36', '2024-10-19 16:40:36', '1', '1', 7, 1, 1),
(8, '2024-10-19 16:40:36', '2024-10-19 16:40:36', '1', '1', 8, 1, 1),
(9, '2024-10-19 16:40:37', '2024-10-19 16:40:37', '1', '2', 9, 1, 1),
(10, '2024-10-19 16:40:37', '2024-10-19 16:40:37', '1', '2', 10, 1, 1),
(11, '2024-10-19 16:40:37', '2024-10-19 16:40:37', '1', '2', 11, 1, 1),
(12, '2024-10-19 16:40:37', '2024-10-19 16:40:37', '1', '2', 12, 1, 1),
(13, '2024-10-19 16:40:37', '2024-10-19 16:40:37', '1', '2', 13, 1, 1),
(14, '2024-10-19 16:40:37', '2024-10-19 16:40:37', '1', '2', 14, 1, 1),
(15, '2024-10-19 16:40:37', '2024-10-19 16:40:37', '1', '2', 15, 1, 1),
(16, '2024-10-19 16:40:37', '2024-10-19 16:40:37', '1', '2', 16, 1, 1),
(17, '2024-10-19 16:40:37', '2024-10-19 16:40:37', '1', '2', 17, 1, 1),
(18, '2024-10-19 16:40:37', '2024-10-19 16:40:37', '2', '1', 18, 1, 1),
(19, '2024-10-19 16:40:37', '2024-10-19 16:40:37', '2', '1', 19, 1, 1),
(20, '2024-10-19 16:40:37', '2024-10-19 16:40:37', '2', '1', 20, 1, 1),
(21, '2024-10-19 16:40:37', '2024-10-19 16:40:37', '2', '1', 21, 1, 1),
(22, '2024-10-19 16:40:37', '2024-10-19 16:40:37', '2', '1', 22, 1, 1),
(23, '2024-10-19 16:40:37', '2024-10-19 16:40:37', '2', '1', 23, 1, 1),
(24, '2024-10-19 16:40:37', '2024-10-19 16:40:37', '2', '1', 24, 1, 1),
(25, '2024-10-19 16:40:37', '2024-10-19 16:40:37', '2', '1', 25, 1, 1),
(26, '2024-10-19 16:40:37', '2024-10-19 16:40:37', '2', '2', 26, 1, 1),
(27, '2024-10-19 16:40:38', '2024-10-19 16:40:38', '2', '2', 27, 1, 1),
(28, '2024-10-19 16:40:38', '2024-10-19 16:40:38', '2', '2', 28, 1, 1),
(29, '2024-10-19 16:40:38', '2024-10-19 16:40:38', '2', '2', 29, 1, 1),
(30, '2024-10-19 16:40:38', '2024-10-19 16:40:38', '2', '2', 30, 1, 1),
(31, '2024-10-19 16:40:38', '2024-10-19 16:40:38', '2', '2', 31, 1, 1),
(32, '2024-10-19 16:40:38', '2024-10-19 16:40:38', '3', '1', 32, 1, 1),
(33, '2024-10-19 16:40:38', '2024-10-19 16:40:38', '3', '1', 33, 1, 1),
(34, '2024-10-19 16:40:38', '2024-10-19 16:40:38', '3', '1', 34, 1, 1),
(35, '2024-10-19 16:40:38', '2024-10-19 16:40:38', '3', '1', 35, 1, 1),
(36, '2024-10-19 16:40:38', '2024-10-19 16:40:38', '3', '1', 36, 1, 1),
(37, '2024-10-19 16:40:38', '2024-10-19 16:40:38', '3', '1', 37, 1, 1),
(38, '2024-10-19 16:40:38', '2024-10-19 16:40:38', '3', '1', 38, 1, 1),
(39, '2024-10-19 16:40:38', '2024-10-19 16:40:38', '3', '2', 39, 1, 1),
(40, '2024-10-19 16:40:38', '2024-10-19 16:40:38', '3', '2', 40, 1, 1),
(41, '2024-10-19 16:40:38', '2024-10-19 16:40:38', '3', '2', 41, 1, 1),
(42, '2024-10-19 16:40:38', '2024-10-19 16:40:38', '3', '2', 42, 1, 1),
(43, '2024-10-19 16:40:38', '2024-10-19 16:40:38', '3', '2', 43, 1, 1),
(44, '2024-10-19 16:40:38', '2024-10-19 16:40:38', '4', '1', 44, 1, 1),
(45, '2024-10-19 16:40:39', '2024-10-19 16:40:39', '4', '1', 45, 1, 1),
(46, '2024-10-19 16:40:39', '2024-10-19 16:40:39', '4', '1', 46, 1, 1),
(47, '2024-10-19 16:40:39', '2024-10-19 16:40:39', '4', '1', 47, 1, 1),
(48, '2024-10-19 16:40:39', '2024-10-19 16:40:39', '4', '1', 48, 1, 1),
(49, '2024-10-19 16:40:39', '2024-10-19 16:40:39', '4', '2', 49, 1, 1),
(50, '2024-10-19 16:40:39', '2024-10-19 16:40:39', '4', '2', 50, 1, 1),
(51, '2024-10-20 08:14:31', '2024-10-20 08:14:31', '1', '1', 51, 1, 2),
(52, '2024-10-20 08:14:31', '2024-10-20 08:14:31', '1', '1', 52, 1, 2),
(53, '2024-10-20 08:14:31', '2024-10-20 08:14:31', '1', '1', 53, 1, 2),
(54, '2024-10-20 08:14:31', '2024-10-20 08:14:31', '1', '1', 54, 1, 2),
(55, '2024-10-20 08:14:31', '2024-10-20 08:14:31', '1', '1', 55, 1, 2),
(56, '2024-10-20 08:14:31', '2024-10-20 08:14:31', '1', '1', 56, 1, 2),
(57, '2024-10-20 08:14:32', '2024-10-20 08:14:32', '1', '1', 57, 1, 2),
(58, '2024-10-20 08:14:32', '2024-10-20 08:14:32', '1', '1', 58, 1, 2),
(59, '2024-10-20 08:14:32', '2024-10-20 08:14:32', '1', '1', 59, 1, 2),
(60, '2024-10-20 08:14:32', '2024-10-20 08:14:32', '1', '2', 60, 1, 2),
(61, '2024-10-20 08:14:32', '2024-10-20 08:14:32', '1', '2', 61, 1, 2),
(62, '2024-10-20 08:14:32', '2024-10-20 08:14:32', '1', '2', 62, 1, 2),
(63, '2024-10-20 08:14:32', '2024-10-20 08:14:32', '1', '2', 63, 1, 2),
(64, '2024-10-20 08:14:32', '2024-10-20 08:14:32', '1', '2', 64, 1, 2),
(65, '2024-10-20 08:14:32', '2024-10-20 08:14:32', '1', '2', 65, 1, 2),
(66, '2024-10-20 08:14:32', '2024-10-20 08:14:32', '1', '2', 66, 1, 2),
(67, '2024-10-20 08:14:32', '2024-10-20 08:14:32', '1', '2', 67, 1, 2),
(68, '2024-10-20 08:14:32', '2024-10-20 08:14:32', '1', '2', 68, 1, 2),
(69, '2024-10-20 08:14:32', '2024-10-20 08:14:32', '1', '2', 69, 1, 2),
(70, '2024-10-20 08:14:32', '2024-10-20 08:14:32', '1', '2', 70, 1, 2),
(71, '2024-10-20 08:14:32', '2024-10-20 08:14:32', '2', '1', 71, 1, 2),
(72, '2024-10-20 08:14:32', '2024-10-20 08:14:32', '2', '1', 72, 1, 2),
(73, '2024-10-20 08:14:32', '2024-10-20 08:14:32', '2', '1', 73, 1, 2),
(74, '2024-10-20 08:14:32', '2024-10-20 08:14:32', '2', '1', 74, 1, 2),
(75, '2024-10-20 08:14:33', '2024-10-20 08:14:33', '2', '1', 75, 1, 2),
(76, '2024-10-20 08:14:33', '2024-10-20 08:14:33', '2', '1', 76, 1, 2),
(77, '2024-10-20 08:14:33', '2024-10-20 08:14:33', '2', '1', 77, 1, 2),
(78, '2024-10-20 08:14:33', '2024-10-20 08:14:33', '2', '1', 78, 1, 2),
(79, '2024-10-20 08:14:33', '2024-10-20 08:14:33', '2', '1', 79, 1, 2),
(80, '2024-10-20 08:14:33', '2024-10-20 08:14:33', '2', '2', 80, 1, 2),
(81, '2024-10-20 08:14:33', '2024-10-20 08:14:33', '2', '2', 81, 1, 2),
(82, '2024-10-20 08:14:33', '2024-10-20 08:14:33', '2', '2', 82, 1, 2),
(83, '2024-10-20 08:14:33', '2024-10-20 08:14:33', '2', '2', 83, 1, 2),
(84, '2024-10-20 08:14:33', '2024-10-20 08:14:33', '2', '2', 84, 1, 2),
(85, '2024-10-20 08:14:33', '2024-10-20 08:14:33', '2', '2', 85, 1, 2),
(86, '2024-10-20 08:14:33', '2024-10-20 08:14:33', '2', '2', 86, 1, 2),
(87, '2024-10-20 08:14:33', '2024-10-20 08:14:33', '2', '2', 87, 1, 2),
(88, '2024-10-20 08:14:33', '2024-10-20 08:14:33', '2', '2', 88, 1, 2),
(89, '2024-10-20 08:14:33', '2024-10-20 08:14:33', '3', '1', 89, 1, 2),
(90, '2024-10-20 08:14:33', '2024-10-20 08:14:33', '3', '1', 90, 1, 2),
(91, '2024-10-20 08:14:33', '2024-10-20 08:14:33', '3', '1', 91, 1, 2),
(92, '2024-10-20 08:14:33', '2024-10-20 08:14:33', '3', '1', 92, 1, 2),
(93, '2024-10-20 08:14:34', '2024-10-20 08:14:34', '3', '1', 93, 1, 2),
(94, '2024-10-20 08:14:34', '2024-10-20 08:14:34', '3', '1', 94, 1, 2),
(95, '2024-10-20 08:14:34', '2024-10-20 08:14:34', '3', '1', 95, 1, 2),
(96, '2024-10-20 08:14:34', '2024-10-20 08:14:34', '3', '1', 96, 1, 2),
(97, '2024-10-20 08:14:34', '2024-10-20 08:14:34', '3', '1', 97, 1, 2),
(98, '2024-10-20 08:14:34', '2024-10-20 08:14:34', '3', '2', 98, 1, 2),
(99, '2024-10-20 08:14:34', '2024-10-20 08:14:34', '3', '2', 99, 1, 2),
(100, '2024-10-20 08:14:34', '2024-10-20 08:14:34', '3', '2', 100, 1, 2),
(101, '2024-10-20 08:14:34', '2024-10-20 08:14:34', '3', '2', 101, 1, 2),
(102, '2024-10-20 08:14:34', '2024-10-20 08:14:34', '3', '2', 102, 1, 2),
(103, '2024-10-20 08:14:34', '2024-10-20 08:14:34', '3', '2', 103, 1, 2),
(104, '2024-10-20 08:14:34', '2024-10-20 08:14:34', '3', '2', 104, 1, 2),
(105, '2024-10-20 08:14:34', '2024-10-20 08:14:34', '3', '2', 105, 1, 2),
(106, '2024-10-20 08:14:34', '2024-10-20 08:14:34', '3', '2', 106, 1, 2),
(107, '2024-10-20 08:14:34', '2024-10-20 08:14:34', '3', 'Summer', 107, 1, 2),
(108, '2024-10-20 08:14:34', '2024-10-20 08:14:34', '3', 'Summer', 108, 1, 2),
(109, '2024-10-20 08:14:34', '2024-10-20 08:14:34', '4', '1', 109, 1, 2),
(110, '2024-10-20 08:14:34', '2024-10-20 08:14:34', '4', '1', 110, 1, 2),
(111, '2024-10-20 08:14:34', '2024-10-20 08:14:34', '4', '1', 111, 1, 2),
(112, '2024-10-20 08:14:34', '2024-10-20 08:14:34', '4', '1', 112, 1, 2),
(113, '2024-10-20 08:14:35', '2024-10-20 08:14:35', '4', '1', 113, 1, 2),
(114, '2024-10-20 08:14:35', '2024-10-20 08:14:35', '4', '1', 114, 1, 2),
(115, '2024-10-20 08:14:35', '2024-10-20 08:14:35', '4', '1', 115, 1, 2),
(116, '2024-10-20 08:14:35', '2024-10-20 08:14:35', '4', '1', 116, 1, 2),
(117, '2024-10-20 08:14:35', '2024-10-20 08:14:35', '4', '1', 117, 1, 2),
(118, '2024-10-20 08:14:35', '2024-10-20 08:14:35', '4', '1', 118, 1, 2),
(119, '2024-10-20 08:14:35', '2024-10-20 08:14:35', '4', '1', 119, 1, 2),
(120, '2024-10-20 08:14:35', '2024-10-20 08:14:35', '4', '2', 120, 1, 2),
(121, '2024-10-20 08:14:35', '2024-10-20 08:14:35', '4', '2', 121, 1, 2),
(122, '2024-10-20 08:14:35', '2024-10-20 08:14:35', '4', '2', 122, 1, 2),
(123, '2024-10-20 08:14:35', '2024-10-20 08:14:35', '4', '2', 123, 1, 2),
(124, '2024-10-20 08:14:35', '2024-10-20 08:14:35', '4', '2', 124, 1, 2),
(125, '2024-10-20 08:14:35', '2024-10-20 08:14:35', '4', '2', 125, 1, 2),
(126, '2024-10-20 08:14:35', '2024-10-20 08:14:35', '4', '2', 126, 1, 2),
(127, '2024-10-20 08:14:35', '2024-10-20 08:14:35', '4', '2', 127, 1, 2),
(128, '2024-10-20 08:14:35', '2024-10-20 08:14:35', '4', '2', 128, 1, 2),
(129, '2024-10-20 08:31:02', '2024-10-20 08:31:02', '1', '1', 129, 1, 3),
(130, '2024-10-20 08:31:02', '2024-10-20 08:31:02', '1', '1', 130, 1, 3),
(131, '2024-10-20 08:31:02', '2024-10-20 08:31:02', '1', '1', 131, 1, 3),
(132, '2024-10-20 08:31:02', '2024-10-20 08:31:02', '1', '1', 132, 1, 3),
(133, '2024-10-20 08:31:02', '2024-10-20 08:31:02', '1', '1', 133, 1, 3),
(134, '2024-10-20 08:31:02', '2024-10-20 08:31:02', '1', '1', 134, 1, 3),
(135, '2024-10-20 08:31:02', '2024-10-20 08:31:02', '1', '1', 135, 1, 3),
(136, '2024-10-20 08:31:02', '2024-10-20 08:31:02', '1', '1', 136, 1, 3),
(137, '2024-10-20 08:31:02', '2024-10-20 08:31:02', '1', '1', 137, 1, 3),
(138, '2024-10-20 08:31:02', '2024-10-20 08:31:02', '1', '1', 138, 1, 3),
(139, '2024-10-20 08:31:02', '2024-10-20 08:31:02', '1', '2', 139, 1, 3),
(140, '2024-10-20 08:31:02', '2024-10-20 08:31:02', '1', '2', 19, 1, 3),
(141, '2024-10-20 08:31:02', '2024-10-20 08:31:02', '1', '2', 140, 1, 3),
(142, '2024-10-20 08:31:03', '2024-10-20 08:31:03', '1', '2', 141, 1, 3),
(143, '2024-10-20 08:31:03', '2024-10-20 08:31:03', '1', '2', 142, 1, 3),
(144, '2024-10-20 08:31:03', '2024-10-20 08:31:03', '1', '2', 143, 1, 3),
(145, '2024-10-20 08:31:03', '2024-10-20 08:31:03', '1', '2', 144, 1, 3),
(146, '2024-10-20 08:31:03', '2024-10-20 08:31:03', '1', '2', 145, 1, 3),
(147, '2024-10-20 08:31:03', '2024-10-20 08:31:03', '1', '2', 146, 1, 3),
(148, '2024-10-20 08:31:03', '2024-10-20 08:31:03', '1', '2', 147, 1, 3),
(149, '2024-10-20 08:31:03', '2024-10-20 08:31:03', '2', '1', 148, 1, 3),
(150, '2024-10-20 08:31:03', '2024-10-20 08:31:03', '2', '1', 149, 1, 3),
(151, '2024-10-20 08:31:03', '2024-10-20 08:31:03', '2', '1', 150, 1, 3),
(152, '2024-10-20 08:31:03', '2024-10-20 08:31:03', '2', '1', 151, 1, 3),
(153, '2024-10-20 08:31:03', '2024-10-20 08:31:03', '2', '1', 152, 1, 3),
(154, '2024-10-20 08:31:03', '2024-10-20 08:31:03', '2', '1', 153, 1, 3),
(155, '2024-10-20 08:31:03', '2024-10-20 08:31:03', '2', '1', 154, 1, 3),
(156, '2024-10-20 08:31:03', '2024-10-20 08:31:03', '2', '1', 155, 1, 3),
(157, '2024-10-20 08:31:03', '2024-10-20 08:31:03', '2', '1', 156, 1, 3),
(158, '2024-10-20 08:31:04', '2024-10-20 08:31:04', '2', '2', 157, 1, 3),
(159, '2024-10-20 08:31:04', '2024-10-20 08:31:04', '2', '2', 158, 1, 3),
(160, '2024-10-20 08:31:04', '2024-10-20 08:31:04', '2', '2', 159, 1, 3),
(161, '2024-10-20 08:31:04', '2024-10-20 08:31:04', '2', '2', 160, 1, 3),
(162, '2024-10-20 08:31:04', '2024-10-20 08:31:04', '2', '2', 161, 1, 3),
(163, '2024-10-20 08:31:04', '2024-10-20 08:31:04', '2', '2', 162, 1, 3),
(164, '2024-10-20 08:31:04', '2024-10-20 08:31:04', '2', '2', 163, 1, 3),
(165, '2024-10-20 08:31:04', '2024-10-20 08:31:04', '2', '2', 164, 1, 3),
(166, '2024-10-20 08:31:04', '2024-10-20 08:31:04', '2', '2', 165, 1, 3),
(167, '2024-10-20 08:31:04', '2024-10-20 08:31:04', '3', '1', 166, 1, 3),
(168, '2024-10-20 08:31:04', '2024-10-20 08:31:04', '3', '1', 167, 1, 3),
(169, '2024-10-20 08:31:04', '2024-10-20 08:31:04', '3', '1', 168, 1, 3),
(170, '2024-10-20 08:31:04', '2024-10-20 08:31:04', '3', '1', 169, 1, 3),
(171, '2024-10-20 08:31:04', '2024-10-20 08:31:04', '3', '1', 170, 1, 3),
(172, '2024-10-20 08:31:04', '2024-10-20 08:31:04', '3', '1', 171, 1, 3),
(173, '2024-10-20 08:31:05', '2024-10-20 08:31:05', '3', '1', 172, 1, 3),
(174, '2024-10-20 08:31:05', '2024-10-20 08:31:05', '3', '1', 173, 1, 3),
(175, '2024-10-20 08:31:05', '2024-10-20 08:31:05', '3', '1', 174, 1, 3),
(176, '2024-10-20 08:31:05', '2024-10-20 08:31:05', '3', '2', 175, 1, 3),
(177, '2024-10-20 08:31:05', '2024-10-20 08:31:05', '3', '2', 176, 1, 3),
(178, '2024-10-20 08:31:05', '2024-10-20 08:31:05', '3', '2', 177, 1, 3),
(179, '2024-10-20 08:31:05', '2024-10-20 08:31:05', '3', '2', 178, 1, 3),
(180, '2024-10-20 08:31:05', '2024-10-20 08:31:05', '3', '2', 179, 1, 3),
(181, '2024-10-20 08:31:05', '2024-10-20 08:31:05', '4', '1', 180, 1, 3),
(182, '2024-10-20 08:31:05', '2024-10-20 08:31:05', '4', '1', 181, 1, 3),
(183, '2024-10-20 08:31:05', '2024-10-20 08:31:05', '4', '1', 182, 1, 3),
(184, '2024-10-20 08:31:05', '2024-10-20 08:31:05', '4', '1', 183, 1, 3),
(185, '2024-10-20 08:31:05', '2024-10-20 08:31:05', '4', '2', 184, 1, 3),
(186, '2024-10-20 08:31:05', '2024-10-20 08:31:05', '4', '2', 185, 1, 3),
(187, '2024-10-20 08:45:40', '2024-10-20 08:45:40', '1', '1', 186, 1, 4),
(188, '2024-10-20 08:45:40', '2024-10-20 08:45:40', '1', '1', 187, 1, 4),
(189, '2024-10-20 08:45:40', '2024-10-20 08:45:40', '1', '1', 188, 1, 4),
(190, '2024-10-20 08:45:40', '2024-10-20 08:45:40', '1', '1', 189, 1, 4),
(191, '2024-10-20 08:45:40', '2024-10-20 08:45:40', '1', '1', 190, 1, 4),
(192, '2024-10-20 08:45:40', '2024-10-20 08:45:40', '1', '1', 191, 1, 4),
(193, '2024-10-20 08:45:40', '2024-10-20 08:45:40', '1', '1', 192, 1, 4),
(194, '2024-10-20 08:45:40', '2024-10-20 08:45:40', '1', '1', 193, 1, 4),
(195, '2024-10-20 08:45:41', '2024-10-20 08:45:41', '1', '1', 194, 1, 4),
(196, '2024-10-20 08:45:41', '2024-10-20 08:45:41', '1', '2', 195, 1, 4),
(197, '2024-10-20 08:45:41', '2024-10-20 08:45:41', '1', '2', 196, 1, 4),
(198, '2024-10-20 08:45:41', '2024-10-20 08:45:41', '1', '2', 197, 1, 4),
(199, '2024-10-20 08:45:41', '2024-10-20 08:45:41', '1', '2', 198, 1, 4),
(200, '2024-10-20 08:45:41', '2024-10-20 08:45:41', '1', '2', 199, 1, 4),
(201, '2024-10-20 08:45:41', '2024-10-20 08:45:41', '1', '2', 200, 1, 4),
(202, '2024-10-20 08:45:41', '2024-10-20 08:45:41', '1', '2', 201, 1, 4),
(203, '2024-10-20 08:45:41', '2024-10-20 08:45:41', '1', '2', 202, 1, 4),
(204, '2024-10-20 08:45:41', '2024-10-20 08:45:41', '1', '2', 203, 1, 4),
(205, '2024-10-20 08:45:41', '2024-10-20 08:45:41', '1', '2', 204, 1, 4),
(206, '2024-10-20 08:45:41', '2024-10-20 08:45:41', '1', '2', 205, 1, 4),
(207, '2024-10-20 08:45:41', '2024-10-20 08:45:41', '2', '1', 206, 1, 4),
(208, '2024-10-20 08:45:41', '2024-10-20 08:45:41', '2', '1', 207, 1, 4),
(209, '2024-10-20 08:45:41', '2024-10-20 08:45:41', '2', '1', 208, 1, 4),
(210, '2024-10-20 08:45:41', '2024-10-20 08:45:41', '2', '1', 209, 1, 4),
(211, '2024-10-20 08:45:41', '2024-10-20 08:45:41', '2', '1', 210, 1, 4),
(212, '2024-10-20 08:45:41', '2024-10-20 08:45:41', '2', '1', 211, 1, 4),
(213, '2024-10-20 08:45:42', '2024-10-20 08:45:42', '2', '1', 212, 1, 4),
(214, '2024-10-20 08:45:42', '2024-10-20 08:45:42', '2', '1', 213, 1, 4),
(215, '2024-10-20 08:45:42', '2024-10-20 08:45:42', '2', '1', 214, 1, 4),
(216, '2024-10-20 08:45:42', '2024-10-20 08:45:42', '2', '1', 215, 1, 4),
(217, '2024-10-20 08:45:42', '2024-10-20 08:45:42', '2', '2', 216, 1, 4),
(218, '2024-10-20 08:45:42', '2024-10-20 08:45:42', '2', '2', 217, 1, 4),
(219, '2024-10-20 08:45:42', '2024-10-20 08:45:42', '2', '2', 218, 1, 4),
(220, '2024-10-20 08:45:42', '2024-10-20 08:45:42', '2', '2', 219, 1, 4),
(221, '2024-10-20 08:45:42', '2024-10-20 08:45:42', '2', '2', 220, 1, 4),
(222, '2024-10-20 08:45:42', '2024-10-20 08:45:42', '2', '2', 221, 1, 4),
(223, '2024-10-20 08:45:42', '2024-10-20 08:45:42', '2', '2', 222, 1, 4),
(224, '2024-10-20 08:45:42', '2024-10-20 08:45:42', '2', '2', 223, 1, 4),
(225, '2024-10-20 08:45:42', '2024-10-20 08:45:42', '2', '2', 224, 1, 4),
(226, '2024-10-20 08:45:42', '2024-10-20 08:45:42', '3', '1', 225, 1, 4),
(227, '2024-10-20 08:45:42', '2024-10-20 08:45:42', '3', '1', 226, 1, 4),
(228, '2024-10-20 08:45:42', '2024-10-20 08:45:42', '3', '1', 227, 1, 4),
(229, '2024-10-20 08:45:42', '2024-10-20 08:45:42', '3', '1', 228, 1, 4),
(230, '2024-10-20 08:45:42', '2024-10-20 08:45:42', '3', '1', 229, 1, 4),
(231, '2024-10-20 08:45:42', '2024-10-20 08:45:42', '3', '1', 77, 1, 4),
(232, '2024-10-20 08:45:43', '2024-10-20 08:45:43', '3', '2', 230, 1, 4),
(233, '2024-10-20 08:45:43', '2024-10-20 08:45:43', '3', '2', 231, 1, 4),
(234, '2024-10-20 08:45:43', '2024-10-20 08:45:43', '3', '2', 232, 1, 4),
(235, '2024-10-20 08:45:43', '2024-10-20 08:45:43', '3', '2', 233, 1, 4),
(236, '2024-10-20 08:45:43', '2024-10-20 08:45:43', '3', '2', 234, 1, 4),
(237, '2024-10-20 08:45:43', '2024-10-20 08:45:43', '3', '2', 235, 1, 4),
(238, '2024-10-20 08:45:43', '2024-10-20 08:45:43', '3', '2', 236, 1, 4),
(239, '2024-10-20 08:45:43', '2024-10-20 08:45:43', '3', 'Summer', 237, 1, 4),
(240, '2024-10-20 08:45:43', '2024-10-20 08:45:43', '4', '1', 238, 1, 4),
(241, '2024-10-20 08:45:43', '2024-10-20 08:45:43', '4', '1', 239, 1, 4),
(242, '2024-10-20 08:45:43', '2024-10-20 08:45:43', '4', '1', 240, 1, 4),
(243, '2024-10-20 08:45:43', '2024-10-20 08:45:43', '4', '1', 241, 1, 4),
(244, '2024-10-20 08:45:43', '2024-10-20 08:45:43', '4', '1', 242, 1, 4),
(245, '2024-10-20 08:45:43', '2024-10-20 08:45:43', '4', '1', 243, 1, 4),
(246, '2024-10-20 08:45:43', '2024-10-20 08:45:43', '4', '2', 244, 1, 4),
(247, '2024-10-20 08:45:43', '2024-10-20 08:45:43', '4', '2', 245, 1, 4),
(248, '2024-10-20 08:45:43', '2024-10-20 08:45:43', '4', '2', 246, 1, 4),
(249, '2024-10-20 08:45:43', '2024-10-20 08:45:43', '4', '2', 247, 1, 4),
(250, '2024-10-20 08:45:43', '2024-10-20 08:45:43', '4', '2', 248, 1, 4),
(251, '2024-10-20 08:45:44', '2024-10-20 08:45:44', '4', '2', 249, 1, 4),
(252, '2024-10-20 11:17:38', '2024-10-20 11:17:38', '1', '1', 250, 1, 5),
(253, '2024-10-20 11:17:38', '2024-10-20 11:17:38', '1', '1', 251, 1, 5),
(254, '2024-10-20 11:17:38', '2024-10-20 11:17:38', '1', '1', 252, 1, 5),
(255, '2024-10-20 11:17:38', '2024-10-20 11:17:38', '1', '1', 253, 1, 5),
(256, '2024-10-20 11:17:38', '2024-10-20 11:17:38', '1', '1', 254, 1, 5),
(257, '2024-10-20 11:17:38', '2024-10-20 11:17:38', '1', '1', 56, 1, 5),
(258, '2024-10-20 11:17:38', '2024-10-20 11:17:38', '1', '1', 192, 1, 5),
(259, '2024-10-20 11:17:38', '2024-10-20 11:17:38', '1', '1', 255, 1, 5),
(260, '2024-10-20 11:17:38', '2024-10-20 11:17:38', '1', '1', 256, 1, 5),
(261, '2024-10-20 11:17:38', '2024-10-20 11:17:38', '1', '1', 257, 1, 5),
(262, '2024-10-20 11:17:38', '2024-10-20 11:17:38', '1', '1', 258, 1, 5),
(263, '2024-10-20 11:17:38', '2024-10-20 11:17:38', '1', '2', 259, 1, 5),
(264, '2024-10-20 11:17:39', '2024-10-20 11:17:39', '1', '2', 260, 1, 5),
(265, '2024-10-20 11:17:39', '2024-10-20 11:17:39', '1', '2', 261, 1, 5),
(266, '2024-10-20 11:17:39', '2024-10-20 11:17:39', '1', '2', 262, 1, 5),
(267, '2024-10-20 11:17:39', '2024-10-20 11:17:39', '1', '2', 263, 1, 5),
(268, '2024-10-20 11:17:39', '2024-10-20 11:17:39', '1', '2', 264, 1, 5),
(269, '2024-10-20 11:17:39', '2024-10-20 11:17:39', '1', '2', 66, 1, 5),
(270, '2024-10-20 11:17:39', '2024-10-20 11:17:39', '1', '2', 265, 1, 5),
(271, '2024-10-20 11:17:39', '2024-10-20 11:17:39', '1', '2', 266, 1, 5),
(272, '2024-10-20 11:17:39', '2024-10-20 11:17:39', '1', '2', 267, 1, 5),
(273, '2024-10-20 11:17:39', '2024-10-20 11:17:39', '1', '2', 268, 1, 5),
(274, '2024-10-20 11:17:39', '2024-10-20 11:17:39', '2', '1', 269, 1, 5),
(275, '2024-10-20 11:17:39', '2024-10-20 11:17:39', '2', '1', 270, 1, 5),
(276, '2024-10-20 11:17:39', '2024-10-20 11:17:39', '2', '1', 271, 1, 5),
(277, '2024-10-20 11:17:39', '2024-10-20 11:17:39', '2', '1', 272, 1, 5),
(278, '2024-10-20 11:17:39', '2024-10-20 11:17:39', '2', '1', 273, 1, 5),
(279, '2024-10-20 11:17:39', '2024-10-20 11:17:39', '2', '1', 274, 1, 5),
(280, '2024-10-20 11:17:39', '2024-10-20 11:17:39', '2', '1', 275, 1, 5),
(281, '2024-10-20 11:17:39', '2024-10-20 11:17:39', '2', '1', 136, 1, 5),
(282, '2024-10-20 11:17:39', '2024-10-20 11:17:39', '2', '1', 276, 1, 5),
(283, '2024-10-20 11:17:40', '2024-10-20 11:17:40', '2', '1', 277, 1, 5),
(284, '2024-10-20 11:17:40', '2024-10-20 11:17:40', '2', '1', 278, 1, 5),
(285, '2024-10-20 11:17:40', '2024-10-20 11:17:40', '2', '2', 279, 1, 5),
(286, '2024-10-20 11:17:40', '2024-10-20 11:17:40', '2', '2', 280, 1, 5),
(287, '2024-10-20 11:17:40', '2024-10-20 11:17:40', '2', '2', 281, 1, 5),
(288, '2024-10-20 11:17:40', '2024-10-20 11:17:40', '2', '2', 282, 1, 5),
(289, '2024-10-20 11:17:40', '2024-10-20 11:17:40', '2', '2', 283, 1, 5),
(290, '2024-10-20 11:17:40', '2024-10-20 11:17:40', '2', '2', 284, 1, 5),
(291, '2024-10-20 11:17:40', '2024-10-20 11:17:40', '2', '2', 285, 1, 5),
(292, '2024-10-20 11:17:40', '2024-10-20 11:17:40', '2', '2', 286, 1, 5),
(293, '2024-10-20 11:17:40', '2024-10-20 11:17:40', '2', '2', 287, 1, 5),
(294, '2024-10-20 11:17:40', '2024-10-20 11:17:40', '2', '2', 288, 1, 5),
(295, '2024-10-20 11:17:40', '2024-10-20 11:17:40', '3', '1', 289, 1, 5),
(296, '2024-10-20 11:17:40', '2024-10-20 11:17:40', '3', '1', 290, 1, 5),
(297, '2024-10-20 11:17:40', '2024-10-20 11:17:40', '3', '1', 291, 1, 5),
(298, '2024-10-20 11:17:40', '2024-10-20 11:17:40', '3', '1', 292, 1, 5),
(299, '2024-10-20 11:17:40', '2024-10-20 11:17:40', '3', '1', 293, 1, 5),
(300, '2024-10-20 11:17:40', '2024-10-20 11:17:40', '3', '1', 294, 1, 5),
(301, '2024-10-20 11:17:40', '2024-10-20 11:17:40', '3', '1', 295, 1, 5),
(302, '2024-10-20 11:17:41', '2024-10-20 11:17:41', '3', '1', 296, 1, 5),
(303, '2024-10-20 11:17:41', '2024-10-20 11:17:41', '3', '1', 297, 1, 5),
(304, '2024-10-20 11:17:41', '2024-10-20 11:17:41', '3', '2', 298, 1, 5),
(305, '2024-10-20 11:17:41', '2024-10-20 11:17:41', '3', '2', 299, 1, 5),
(306, '2024-10-20 11:17:41', '2024-10-20 11:17:41', '3', '2', 300, 1, 5),
(307, '2024-10-20 11:17:41', '2024-10-20 11:17:41', '3', '2', 301, 1, 5),
(308, '2024-10-20 11:17:41', '2024-10-20 11:17:41', '3', '2', 302, 1, 5),
(309, '2024-10-20 11:17:41', '2024-10-20 11:17:41', '3', '2', 303, 1, 5),
(310, '2024-10-20 11:17:41', '2024-10-20 11:17:41', '3', '2', 304, 1, 5),
(311, '2024-10-20 11:17:41', '2024-10-20 11:17:41', '3', '2', 305, 1, 5),
(312, '2024-10-20 11:17:41', '2024-10-20 11:17:41', '4', '1', 306, 1, 5),
(313, '2024-10-20 11:17:41', '2024-10-20 11:17:41', '4', '1', 307, 1, 5),
(314, '2024-10-20 11:17:41', '2024-10-20 11:17:41', '4', '1', 308, 1, 5),
(315, '2024-10-20 11:17:41', '2024-10-20 11:17:41', '4', '1', 309, 1, 5),
(316, '2024-10-20 11:17:41', '2024-10-20 11:17:41', '4', '1', 310, 1, 5),
(317, '2024-10-20 11:17:41', '2024-10-20 11:17:41', '4', '1', 311, 1, 5),
(318, '2024-10-20 11:17:41', '2024-10-20 11:17:41', '4', '1', 312, 1, 5),
(319, '2024-10-20 11:17:41', '2024-10-20 11:17:41', '4', '2', 313, 1, 5),
(320, '2024-10-20 11:17:41', '2024-10-20 11:17:41', '4', '2', 314, 1, 5),
(321, '2024-10-20 11:17:42', '2024-10-20 11:17:42', '4', '2', 315, 1, 5),
(322, '2024-10-20 11:17:42', '2024-10-20 11:17:42', '4', '2', 316, 1, 5),
(323, '2024-10-20 11:17:42', '2024-10-20 11:17:42', '4', '2', 317, 1, 5),
(324, '2024-10-20 11:17:42', '2024-10-20 11:17:42', '4', '2', 318, 1, 5),
(325, '2024-10-21 16:15:29', '2024-10-21 16:15:29', '1', '1', 319, 1, 6),
(326, '2024-10-21 16:15:29', '2024-10-21 16:15:29', '1', '1', 320, 1, 6),
(327, '2024-10-21 16:15:29', '2024-10-21 16:15:29', '1', '1', 321, 1, 6),
(328, '2024-10-21 16:15:29', '2024-10-21 16:15:29', '1', '1', 322, 1, 6),
(329, '2024-10-21 16:15:29', '2024-10-21 16:15:29', '1', '1', 190, 1, 6),
(330, '2024-10-21 16:15:29', '2024-10-21 16:15:29', '1', '1', 323, 1, 6),
(331, '2024-10-21 16:15:29', '2024-10-21 16:15:29', '1', '1', 192, 1, 6),
(332, '2024-10-21 16:15:29', '2024-10-21 16:15:29', '1', '1', 324, 1, 6),
(333, '2024-10-21 16:15:29', '2024-10-21 16:15:29', '1', '1', 325, 1, 6),
(334, '2024-10-21 16:15:29', '2024-10-21 16:15:29', '1', '1', 326, 1, 6),
(335, '2024-10-21 16:15:29', '2024-10-21 16:15:29', '1', '1', 327, 1, 6),
(336, '2024-10-21 16:15:29', '2024-10-21 16:15:29', '1', '2', 328, 1, 6),
(337, '2024-10-21 16:15:29', '2024-10-21 16:15:29', '1', '2', 329, 1, 6),
(338, '2024-10-21 16:15:29', '2024-10-21 16:15:29', '1', '2', 330, 1, 6),
(339, '2024-10-21 16:15:29', '2024-10-21 16:15:29', '1', '2', 331, 1, 6),
(340, '2024-10-21 16:15:29', '2024-10-21 16:15:29', '1', '2', 332, 1, 6),
(341, '2024-10-21 16:15:29', '2024-10-21 16:15:29', '1', '2', 333, 1, 6),
(342, '2024-10-21 16:15:30', '2024-10-21 16:15:30', '1', '2', 334, 1, 6),
(343, '2024-10-21 16:15:30', '2024-10-21 16:15:30', '1', '2', 335, 1, 6),
(344, '2024-10-21 16:15:30', '2024-10-21 16:15:30', '2', '1', 336, 1, 6),
(345, '2024-10-21 16:15:30', '2024-10-21 16:15:30', '2', '1', 337, 1, 6),
(346, '2024-10-21 16:15:30', '2024-10-21 16:15:30', '2', '1', 338, 1, 6),
(347, '2024-10-21 16:15:30', '2024-10-21 16:15:30', '2', '1', 339, 1, 6),
(348, '2024-10-21 16:15:30', '2024-10-21 16:15:30', '2', '1', 340, 1, 6),
(349, '2024-10-21 16:15:30', '2024-10-21 16:15:30', '2', '1', 341, 1, 6),
(350, '2024-10-21 16:15:30', '2024-10-21 16:15:30', '2', '1', 342, 1, 6),
(351, '2024-10-21 16:15:30', '2024-10-21 16:15:30', '2', '1', 343, 1, 6),
(352, '2024-10-21 16:15:30', '2024-10-21 16:15:30', '2', '2', 344, 1, 6),
(353, '2024-10-21 16:15:30', '2024-10-21 16:15:30', '2', '2', 345, 1, 6),
(354, '2024-10-21 16:15:30', '2024-10-21 16:15:30', '2', '2', 346, 1, 6),
(355, '2024-10-21 16:15:30', '2024-10-21 16:15:30', '2', '2', 12, 1, 6),
(356, '2024-10-21 16:15:30', '2024-10-21 16:15:30', '2', '2', 347, 1, 6),
(357, '2024-10-21 16:15:30', '2024-10-21 16:15:30', '2', '2', 348, 1, 6),
(358, '2024-10-21 16:15:30', '2024-10-21 16:15:30', '3', '1', 349, 1, 6),
(359, '2024-10-21 16:15:30', '2024-10-21 16:15:30', '3', '1', 350, 1, 6),
(360, '2024-10-21 16:15:31', '2024-10-21 16:15:31', '3', '1', 351, 1, 6),
(361, '2024-10-21 16:15:31', '2024-10-21 16:15:31', '3', '1', 352, 1, 6),
(362, '2024-10-21 16:15:31', '2024-10-21 16:15:31', '3', '1', 353, 1, 6),
(363, '2024-10-21 16:15:31', '2024-10-21 16:15:31', '3', '1', 354, 1, 6),
(364, '2024-10-21 16:15:31', '2024-10-21 16:15:31', '3', '2', 355, 1, 6),
(365, '2024-10-21 16:15:31', '2024-10-21 16:15:31', '3', '2', 356, 1, 6),
(366, '2024-10-21 16:15:31', '2024-10-21 16:15:31', '3', '2', 357, 1, 6),
(367, '2024-10-21 16:15:31', '2024-10-21 16:15:31', '3', '2', 358, 1, 6),
(368, '2024-10-21 16:15:31', '2024-10-21 16:15:31', '3', '2', 359, 1, 6),
(369, '2024-10-21 16:15:31', '2024-10-21 16:15:31', '4', '1', 360, 1, 6),
(370, '2024-10-21 16:15:31', '2024-10-21 16:15:31', '4', '1', 361, 1, 6),
(371, '2024-10-21 16:15:31', '2024-10-21 16:15:31', '4', '1', 362, 1, 6),
(372, '2024-10-21 16:15:31', '2024-10-21 16:15:31', '4', '1', 363, 1, 6),
(373, '2024-10-21 16:15:31', '2024-10-21 16:15:31', '4', '2', 364, 1, 6),
(374, '2024-10-21 16:15:31', '2024-10-21 16:15:31', '4', '2', 365, 1, 6),
(375, '2024-10-21 16:15:31', '2024-10-21 16:15:31', '4', '2', 366, 1, 6),
(376, '2024-10-21 16:15:31', '2024-10-21 16:15:31', '4', '2', 367, 1, 6),
(377, '2024-10-21 17:26:12', '2024-10-21 17:26:12', '1', '1', 368, 1, 7),
(378, '2024-10-21 17:26:12', '2024-10-21 17:26:12', '1', '1', 369, 1, 7),
(379, '2024-10-21 17:26:13', '2024-10-21 17:26:13', '1', '1', 370, 1, 7),
(380, '2024-10-21 17:26:13', '2024-10-21 17:26:13', '1', '1', 371, 1, 7),
(381, '2024-10-21 17:26:13', '2024-10-21 17:26:13', '1', '1', 372, 1, 7),
(382, '2024-10-21 17:26:13', '2024-10-21 17:26:13', '1', '1', 373, 1, 7),
(383, '2024-10-21 17:26:13', '2024-10-21 17:26:13', '1', '1', 374, 1, 7),
(384, '2024-10-21 17:26:13', '2024-10-21 17:26:13', '1', '1', 375, 1, 7),
(385, '2024-10-21 17:26:13', '2024-10-21 17:26:13', '1', '1', 376, 1, 7),
(386, '2024-10-21 17:26:13', '2024-10-21 17:26:13', '1', '1', 377, 1, 7),
(387, '2024-10-21 17:26:13', '2024-10-21 17:26:13', '1', '1', 378, 1, 7),
(388, '2024-10-21 17:26:13', '2024-10-21 17:26:13', '1', '1', 379, 1, 7),
(389, '2024-10-21 17:26:13', '2024-10-21 17:26:13', '1', '2', 380, 1, 7),
(390, '2024-10-21 17:26:13', '2024-10-21 17:26:13', '1', '2', 381, 1, 7),
(391, '2024-10-21 17:26:13', '2024-10-21 17:26:13', '1', '2', 382, 1, 7),
(392, '2024-10-21 17:26:13', '2024-10-21 17:26:13', '1', '2', 383, 1, 7),
(393, '2024-10-21 17:26:13', '2024-10-21 17:26:13', '1', '2', 384, 1, 7),
(394, '2024-10-21 17:26:13', '2024-10-21 17:26:13', '1', '2', 385, 1, 7),
(395, '2024-10-21 17:26:13', '2024-10-21 17:26:13', '1', '2', 386, 1, 7),
(396, '2024-10-21 17:26:13', '2024-10-21 17:26:13', '1', '2', 387, 1, 7),
(397, '2024-10-21 17:26:14', '2024-10-21 17:26:14', '1', '2', 388, 1, 7),
(398, '2024-10-21 17:26:14', '2024-10-21 17:26:14', '1', '2', 389, 1, 7),
(399, '2024-10-21 17:26:14', '2024-10-21 17:26:14', '1', '2', 390, 1, 7),
(400, '2024-10-21 17:26:14', '2024-10-21 17:26:14', '1', '2', 391, 1, 7),
(401, '2024-10-21 17:26:14', '2024-10-21 17:26:14', '1', 'Summer', 392, 1, 7),
(402, '2024-10-21 17:26:14', '2024-10-21 17:26:14', '1', 'Summer', 393, 1, 7),
(403, '2024-10-21 17:26:14', '2024-10-21 17:26:14', '1', 'Summer', 394, 1, 7),
(404, '2024-10-21 17:26:14', '2024-10-21 17:26:14', '1', 'Summer', 395, 1, 7),
(405, '2024-10-21 17:26:14', '2024-10-21 17:26:14', '2', '1', 396, 1, 7),
(406, '2024-10-21 17:26:14', '2024-10-21 17:26:14', '2', '1', 397, 1, 7),
(407, '2024-10-21 17:26:14', '2024-10-21 17:26:14', '2', '1', 398, 1, 7),
(408, '2024-10-21 17:26:14', '2024-10-21 17:26:14', '2', '1', 399, 1, 7),
(409, '2024-10-21 17:26:14', '2024-10-21 17:26:14', '2', '1', 400, 1, 7),
(410, '2024-10-21 17:26:14', '2024-10-21 17:26:14', '2', '1', 401, 1, 7),
(411, '2024-10-21 17:26:14', '2024-10-21 17:26:14', '2', '1', 402, 1, 7),
(412, '2024-10-21 17:26:14', '2024-10-21 17:26:14', '2', '1', 403, 1, 7),
(413, '2024-10-21 17:26:14', '2024-10-21 17:26:14', '2', '1', 404, 1, 7),
(414, '2024-10-21 17:26:14', '2024-10-21 17:26:14', '2', '1', 405, 1, 7),
(415, '2024-10-21 17:26:14', '2024-10-21 17:26:14', '2', '1', 406, 1, 7),
(416, '2024-10-21 17:26:15', '2024-10-21 17:26:15', '2', '1', 407, 1, 7),
(417, '2024-10-21 17:26:15', '2024-10-21 17:26:15', '2', '2', 408, 1, 7),
(418, '2024-10-21 17:26:15', '2024-10-21 17:26:15', '2', '2', 409, 1, 7),
(419, '2024-10-21 17:26:15', '2024-10-21 17:26:15', '2', '2', 410, 1, 7),
(420, '2024-10-21 17:26:15', '2024-10-21 17:26:15', '2', '2', 411, 1, 7),
(421, '2024-10-21 17:26:15', '2024-10-21 17:26:15', '2', '2', 412, 1, 7),
(422, '2024-10-21 17:26:15', '2024-10-21 17:26:15', '2', '2', 413, 1, 7),
(423, '2024-10-21 17:26:15', '2024-10-21 17:26:15', '2', '2', 414, 1, 7),
(424, '2024-10-21 17:26:15', '2024-10-21 17:26:15', '2', '2', 415, 1, 7),
(425, '2024-10-21 17:26:15', '2024-10-21 17:26:15', '2', '2', 416, 1, 7),
(426, '2024-10-21 17:26:15', '2024-10-21 17:26:15', '2', '2', 417, 1, 7),
(427, '2024-10-21 17:26:15', '2024-10-21 17:26:15', '2', '2', 418, 1, 7),
(428, '2024-10-21 17:26:15', '2024-10-21 17:26:15', '2', '2', 419, 1, 7),
(429, '2024-10-21 17:26:15', '2024-10-21 17:26:15', '2', '2', 420, 1, 7),
(430, '2024-10-21 17:26:15', '2024-10-21 17:26:15', '2', 'Summer', 421, 1, 7),
(431, '2024-10-21 17:26:15', '2024-10-21 17:26:15', '2', 'Summer', 422, 1, 7),
(432, '2024-10-21 17:26:15', '2024-10-21 17:26:15', '2', 'Summer', 423, 1, 7),
(433, '2024-10-21 17:26:15', '2024-10-21 17:26:15', '3', '1', 424, 1, 7),
(434, '2024-10-21 17:26:16', '2024-10-21 17:26:16', '3', '1', 425, 1, 7),
(435, '2024-10-21 17:26:16', '2024-10-21 17:26:16', '3', '1', 426, 1, 7),
(436, '2024-10-21 17:26:16', '2024-10-21 17:26:16', '3', '1', 427, 1, 7),
(437, '2024-10-21 17:26:16', '2024-10-21 17:26:16', '3', '1', 428, 1, 7),
(438, '2024-10-21 17:26:16', '2024-10-21 17:26:16', '3', '1', 429, 1, 7),
(439, '2024-10-21 17:26:16', '2024-10-21 17:26:16', '3', '1', 430, 1, 7),
(440, '2024-10-21 17:26:16', '2024-10-21 17:26:16', '3', '1', 431, 1, 7),
(441, '2024-10-21 17:26:16', '2024-10-21 17:26:16', '3', '1', 432, 1, 7),
(442, '2024-10-21 17:26:16', '2024-10-21 17:26:16', '3', '1', 433, 1, 7),
(443, '2024-10-21 17:26:16', '2024-10-21 17:26:16', '3', '1', 434, 1, 7),
(444, '2024-10-21 17:26:16', '2024-10-21 17:26:16', '3', '1', 435, 1, 7),
(445, '2024-10-21 17:26:16', '2024-10-21 17:26:16', '3', '2', 436, 1, 7),
(446, '2024-10-21 17:26:16', '2024-10-21 17:26:16', '3', '2', 437, 1, 7),
(447, '2024-10-21 17:26:16', '2024-10-21 17:26:16', '3', '2', 438, 1, 7),
(448, '2024-10-21 17:26:16', '2024-10-21 17:26:16', '3', '2', 439, 1, 7),
(449, '2024-10-21 17:26:16', '2024-10-21 17:26:16', '3', '2', 440, 1, 7),
(450, '2024-10-21 17:26:16', '2024-10-21 17:26:16', '3', '2', 441, 1, 7),
(451, '2024-10-21 17:26:16', '2024-10-21 17:26:16', '3', '2', 442, 1, 7),
(452, '2024-10-21 17:26:17', '2024-10-21 17:26:17', '3', '2', 443, 1, 7),
(453, '2024-10-21 17:26:17', '2024-10-21 17:26:17', '3', '2', 444, 1, 7),
(454, '2024-10-21 17:26:17', '2024-10-21 17:26:17', '3', '2', 445, 1, 7),
(455, '2024-10-21 17:26:17', '2024-10-21 17:26:17', '3', '2', 446, 1, 7),
(456, '2024-10-21 17:26:17', '2024-10-21 17:26:17', '3', 'Summer', 447, 1, 7),
(457, '2024-10-21 17:26:17', '2024-10-21 17:26:17', '4', '1', 448, 1, 7),
(458, '2024-10-21 17:26:17', '2024-10-21 17:26:17', '4', '1', 449, 1, 7),
(459, '2024-10-21 17:26:17', '2024-10-21 17:26:17', '4', '2', 448, 1, 7),
(460, '2024-10-21 17:26:17', '2024-10-21 17:26:17', '4', '2', 450, 1, 7);

-- --------------------------------------------------------

--
-- Table structure for table `users`
--

CREATE TABLE `users` (
  `id` int(11) NOT NULL,
  `timeCreated` datetime DEFAULT current_timestamp(),
  `timeUpdated` datetime DEFAULT current_timestamp() ON UPDATE current_timestamp(),
  `username` varchar(255) NOT NULL,
  `password` text NOT NULL,
  `firstName` text NOT NULL,
  `middleName` text DEFAULT NULL,
  `lastName` text NOT NULL
) ENGINE=InnoDB DEFAULT CHARSET=utf8mb4 COLLATE=utf8mb4_general_ci;

--
-- Indexes for dumped tables
--

--
-- Indexes for table `courses`
--
ALTER TABLE `courses`
  ADD PRIMARY KEY (`id`),
  ADD UNIQUE KEY `courseTitle` (`courseTitle`);

--
-- Indexes for table `schoolcourseunitallocation`
--
ALTER TABLE `schoolcourseunitallocation`
  ADD PRIMARY KEY (`id`),
  ADD UNIQUE KEY `unique_user_max_load` (`schoolId`,`courseId`,`academicYear`,`academicSemester`,`maxUnits`),
  ADD KEY `courseId` (`courseId`);

--
-- Indexes for table `schools`
--
ALTER TABLE `schools`
  ADD PRIMARY KEY (`id`),
  ADD UNIQUE KEY `schoolName` (`schoolName`);

--
-- Indexes for table `students`
--
ALTER TABLE `students`
  ADD PRIMARY KEY (`id`),
  ADD UNIQUE KEY `unique_students` (`firstName`,`middleName`,`lastName`,`schoolId`,`courseId`),
  ADD KEY `schoolId` (`schoolId`),
  ADD KEY `courseId` (`courseId`);

--
-- Indexes for table `studentsubjects`
--
ALTER TABLE `studentsubjects`
  ADD PRIMARY KEY (`id`),
  ADD UNIQUE KEY `unique_user_subject` (`studentId`,`subjectId`),
  ADD KEY `subjectId` (`subjectId`);

--
-- Indexes for table `studentunitsallocation`
--
ALTER TABLE `studentunitsallocation`
  ADD PRIMARY KEY (`id`),
  ADD UNIQUE KEY `unique_user_max_load` (`studentId`,`academicYear`,`academicSemester`);

--
-- Indexes for table `subjectinformation`
--
ALTER TABLE `subjectinformation`
  ADD PRIMARY KEY (`id`),
  ADD UNIQUE KEY `unique_subject_inf` (`subjectNumber`,`subjectCode`,`subjectDescription`,`subjectUnit`);

--
-- Indexes for table `subjectmetaprereqs`
--
ALTER TABLE `subjectmetaprereqs`
  ADD PRIMARY KEY (`id`),
  ADD UNIQUE KEY `unique_data_viceversa` (`subjectId`,`subjectPreRequisiteId`),
  ADD UNIQUE KEY `unique_subject_prerequisite` (`subjectId`,`subjectPreRequisiteId`),
  ADD KEY `subjectPreRequisiteId` (`subjectPreRequisiteId`);

--
-- Indexes for table `subjectmetaunit`
--
ALTER TABLE `subjectmetaunit`
  ADD PRIMARY KEY (`id`),
  ADD UNIQUE KEY `unique_subject_meta_unit` (`subjectId`,`subjectUnitName`,`subjectUnitValue`);

--
-- Indexes for table `subjectrelations`
--
ALTER TABLE `subjectrelations`
  ADD PRIMARY KEY (`id`),
  ADD UNIQUE KEY `unique_user_subject` (`academicYear`,`academicSemester`,`subjectId`,`schoolId`,`courseId`),
  ADD KEY `subjectId` (`subjectId`),
  ADD KEY `schoolId` (`schoolId`),
  ADD KEY `courseId` (`courseId`);

--
-- Indexes for table `users`
--
ALTER TABLE `users`
  ADD PRIMARY KEY (`id`),
  ADD UNIQUE KEY `username` (`username`);

--
-- AUTO_INCREMENT for dumped tables
--

--
-- AUTO_INCREMENT for table `courses`
--
ALTER TABLE `courses`
  MODIFY `id` int(11) NOT NULL AUTO_INCREMENT, AUTO_INCREMENT=8;

--
-- AUTO_INCREMENT for table `schoolcourseunitallocation`
--
ALTER TABLE `schoolcourseunitallocation`
  MODIFY `id` int(11) NOT NULL AUTO_INCREMENT, AUTO_INCREMENT=62;

--
-- AUTO_INCREMENT for table `schools`
--
ALTER TABLE `schools`
  MODIFY `id` int(11) NOT NULL AUTO_INCREMENT, AUTO_INCREMENT=2;

--
-- AUTO_INCREMENT for table `students`
--
ALTER TABLE `students`
  MODIFY `id` int(11) NOT NULL AUTO_INCREMENT, AUTO_INCREMENT=8;

--
-- AUTO_INCREMENT for table `studentsubjects`
--
ALTER TABLE `studentsubjects`
  MODIFY `id` int(11) NOT NULL AUTO_INCREMENT, AUTO_INCREMENT=460;

--
-- AUTO_INCREMENT for table `studentunitsallocation`
--
ALTER TABLE `studentunitsallocation`
  MODIFY `id` int(11) NOT NULL AUTO_INCREMENT, AUTO_INCREMENT=51;

--
-- AUTO_INCREMENT for table `subjectinformation`
--
ALTER TABLE `subjectinformation`
  MODIFY `id` int(11) NOT NULL AUTO_INCREMENT, AUTO_INCREMENT=451;

--
-- AUTO_INCREMENT for table `subjectmetaprereqs`
--
ALTER TABLE `subjectmetaprereqs`
  MODIFY `id` int(11) NOT NULL AUTO_INCREMENT, AUTO_INCREMENT=427;

--
-- AUTO_INCREMENT for table `subjectmetaunit`
--
ALTER TABLE `subjectmetaunit`
  MODIFY `id` int(11) NOT NULL AUTO_INCREMENT;

--
-- AUTO_INCREMENT for table `subjectrelations`
--
ALTER TABLE `subjectrelations`
  MODIFY `id` int(11) NOT NULL AUTO_INCREMENT, AUTO_INCREMENT=461;

--
-- AUTO_INCREMENT for table `users`
--
ALTER TABLE `users`
  MODIFY `id` int(11) NOT NULL AUTO_INCREMENT;

--
-- Constraints for dumped tables
--

--
-- Constraints for table `schoolcourseunitallocation`
--
ALTER TABLE `schoolcourseunitallocation`
  ADD CONSTRAINT `schoolcourseunitallocation_ibfk_1` FOREIGN KEY (`schoolId`) REFERENCES `schools` (`id`) ON DELETE CASCADE,
  ADD CONSTRAINT `schoolcourseunitallocation_ibfk_2` FOREIGN KEY (`courseId`) REFERENCES `courses` (`id`) ON DELETE CASCADE;

--
-- Constraints for table `students`
--
ALTER TABLE `students`
  ADD CONSTRAINT `students_ibfk_1` FOREIGN KEY (`schoolId`) REFERENCES `schools` (`id`) ON DELETE CASCADE,
  ADD CONSTRAINT `students_ibfk_2` FOREIGN KEY (`courseId`) REFERENCES `courses` (`id`) ON DELETE CASCADE;

--
-- Constraints for table `studentsubjects`
--
ALTER TABLE `studentsubjects`
  ADD CONSTRAINT `studentsubjects_ibfk_1` FOREIGN KEY (`studentId`) REFERENCES `students` (`id`) ON DELETE CASCADE,
  ADD CONSTRAINT `studentsubjects_ibfk_2` FOREIGN KEY (`subjectId`) REFERENCES `subjectinformation` (`id`) ON DELETE CASCADE;

--
-- Constraints for table `studentunitsallocation`
--
ALTER TABLE `studentunitsallocation`
  ADD CONSTRAINT `studentunitsallocation_ibfk_1` FOREIGN KEY (`studentId`) REFERENCES `students` (`id`) ON DELETE CASCADE;

--
-- Constraints for table `subjectmetaprereqs`
--
ALTER TABLE `subjectmetaprereqs`
  ADD CONSTRAINT `subjectmetaprereqs_ibfk_1` FOREIGN KEY (`subjectId`) REFERENCES `subjectinformation` (`id`) ON DELETE CASCADE,
  ADD CONSTRAINT `subjectmetaprereqs_ibfk_2` FOREIGN KEY (`subjectPreRequisiteId`) REFERENCES `subjectinformation` (`id`) ON DELETE CASCADE;

--
-- Constraints for table `subjectmetaunit`
--
ALTER TABLE `subjectmetaunit`
  ADD CONSTRAINT `subjectmetaunit_ibfk_1` FOREIGN KEY (`subjectId`) REFERENCES `subjectinformation` (`id`) ON DELETE CASCADE;

--
-- Constraints for table `subjectrelations`
--
ALTER TABLE `subjectrelations`
  ADD CONSTRAINT `subjectrelations_ibfk_1` FOREIGN KEY (`subjectId`) REFERENCES `subjectinformation` (`id`) ON DELETE CASCADE,
  ADD CONSTRAINT `subjectrelations_ibfk_2` FOREIGN KEY (`schoolId`) REFERENCES `schools` (`id`) ON DELETE CASCADE,
  ADD CONSTRAINT `subjectrelations_ibfk_3` FOREIGN KEY (`courseId`) REFERENCES `courses` (`id`) ON DELETE CASCADE;
COMMIT;

/*!40101 SET CHARACTER_SET_CLIENT=@OLD_CHARACTER_SET_CLIENT */;
/*!40101 SET CHARACTER_SET_RESULTS=@OLD_CHARACTER_SET_RESULTS */;
/*!40101 SET COLLATION_CONNECTION=@OLD_COLLATION_CONNECTION */;
